table_id,table_name,year,region_code,region_name,source_page,file_url,file_name
300,Utredning och beslut,2014,La,Hela landet,https://bra.se/statistik_sidor/300/2014/300La-2014.html,https://bra.se/download/18.7fd8fd90191e4ea274f1382c/1727334732719/300La-2014.xls,300La-2014.xls
300,Utredning och beslut,2015,La,Hela landet,https://bra.se/statistik_sidor/300/2015/300La-2015.html,https://bra.se/download/18.7fd8fd90191e4ea274f137af/1727334728792/300La-2015.xls,300La-2015.xls
300,Utredning och beslut,2015,Rn01,Region Nord,https://bra.se/statistik_sidor/300/2015/300Rn01-2015.html,https://bra.se/download/18.7fd8fd90191e4ea274f1379d/1727334728216/300Rn01-2015.xls,300Rn01-2015.xls
300,Utredning och beslut,2015,Rn02,Region Mitt,https://bra.se/statistik_sidor/300/2015/300Rn02-2015.html,https://bra.se/download/18.7fd8fd90191e4ea274f137d3/1727334729918/300Rn02-2015.xls,300Rn02-2015.xls
300,Utredning och beslut,2015,Rn03,Region Stockholm,https://bra.se/statistik_sidor/300/2015/300Rn03-2015.html,https://bra.se/download/18.7fd8fd90191e4ea274f137b8/1727334729053/300Rn03-2015.xls,300Rn03-2015.xls
300,Utredning och beslut,2015,Rn04,Region Ost,https://bra.se/statistik_sidor/300/2015/300Rn04-2015.html,https://bra.se/download/18.7fd8fd90191e4ea274f137c1/1727334729319/300Rn04-2015.xls,300Rn04-2015.xls
300,Utredning och beslut,2015,Rn05,Region Vast,https://bra.se/statistik_sidor/300/2015/300Rn05-2015.html,https://bra.se/download/18.7fd8fd90191e4ea274f137ca/1727334729623/300Rn05-2015.xls,300Rn05-2015.xls
300,Utredning och beslut,2015,Rn06,Region Syd,https://bra.se/statistik_sidor/300/2015/300Rn06-2015.html,https://bra.se/download/18.7fd8fd90191e4ea274f137a6/1727334728500/300Rn06-2015.xls,300Rn06-2015.xls
300,Utredning och beslut,2015,Rn07,Region Bergslagen,https://bra.se/statistik_sidor/300/2015/300Rn07-2015.html,https://bra.se/download/18.7fd8fd90191e4ea274f137dc/1727334730178/300Rn07-2015.xls,300Rn07-2015.xls
300,Utredning och beslut,2016,La,Hela landet,https://bra.se/statistik_sidor/300/2016/300La-2016.html,https://bra.se/download/18.7fd8fd90191e4ea274f13771/1727334726883/300La-2016.xls,300La-2016.xls
300,Utredning och beslut,2016,Rn01,Region Nord,https://bra.se/statistik_sidor/300/2016/300Rn01-2016.html,https://bra.se/download/18.7fd8fd90191e4ea274f1374d/1727334725786/300Rn01-2016.xls,300Rn01-2016.xls
300,Utredning och beslut,2016,Rn02,Region Mitt,https://bra.se/statistik_sidor/300/2016/300Rn02-2016.html,https://bra.se/download/18.7fd8fd90191e4ea274f1375f/1727334726337/300Rn02-2016.xls,300Rn02-2016.xls
300,Utredning och beslut,2016,Rn03,Region Stockholm,https://bra.se/statistik_sidor/300/2016/300Rn03-2016.html,https://bra.se/download/18.7fd8fd90191e4ea274f13783/1727334727441/300Rn03-2016.xls,300Rn03-2016.xls
300,Utredning och beslut,2016,Rn04,Region Ost,https://bra.se/statistik_sidor/300/2016/300Rn04-2016.html,https://bra.se/download/18.7fd8fd90191e4ea274f1378c/1727334727706/300Rn04-2016.xls,300Rn04-2016.xls
300,Utredning och beslut,2016,Rn05,Region Vast,https://bra.se/statistik_sidor/300/2016/300Rn05-2016.html,https://bra.se/download/18.7fd8fd90191e4ea274f1377a/1727334727160/300Rn05-2016.xls,300Rn05-2016.xls
300,Utredning och beslut,2016,Rn06,Region Syd,https://bra.se/statistik_sidor/300/2016/300Rn06-2016.html,https://bra.se/download/18.7fd8fd90191e4ea274f13756/1727334726066/300Rn06-2016.xls,300Rn06-2016.xls
300,Utredning och beslut,2016,Rn07,Region Bergslagen,https://bra.se/statistik_sidor/300/2016/300Rn07-2016.html,https://bra.se/download/18.7fd8fd90191e4ea274f13768/1727334726615/300Rn07-2016.xls,300Rn07-2016.xls
300,Utredning och beslut,2017,La,Hela landet,https://bra.se/statistik_sidor/300/2017/300La-2017.html,https://bra.se/download/18.7fd8fd90191e4ea274f136fd/1727334723321/300La-2017.xls,300La-2017.xls
300,Utredning och beslut,2017,Rn01,Region Nord,https://bra.se/statistik_sidor/300/2017/300Rn01-2017.html,https://bra.se/download/18.7fd8fd90191e4ea274f13706/1727334723600/300Rn01-2017.xls,300Rn01-2017.xls
300,Utredning och beslut,2017,Rn02,Region Mitt,https://bra.se/statistik_sidor/300/2017/300Rn02-2017.html,https://bra.se/download/18.7fd8fd90191e4ea274f13718/1727334724165/300Rn02-2017.xls,300Rn02-2017.xls
300,Utredning och beslut,2017,Rn03,Region Stockholm,https://bra.se/statistik_sidor/300/2017/300Rn03-2017.html,https://bra.se/download/18.7fd8fd90191e4ea274f1372a/1727334724745/300Rn03-2017.xls,300Rn03-2017.xls
300,Utredning och beslut,2017,Rn04,Region Ost,https://bra.se/statistik_sidor/300/2017/300Rn04-2017.html,https://bra.se/download/18.7fd8fd90191e4ea274f13733/1727334725018/300Rn04-2017.xls,300Rn04-2017.xls
300,Utredning och beslut,2017,Rn05,Region Vast,https://bra.se/statistik_sidor/300/2017/300Rn05-2017.html,https://bra.se/download/18.7fd8fd90191e4ea274f1370f/1727334723877/300Rn05-2017.xls,300Rn05-2017.xls
300,Utredning och beslut,2017,Rn06,Region Syd,https://bra.se/statistik_sidor/300/2017/300Rn06-2017.html,https://bra.se/download/18.7fd8fd90191e4ea274f1373c/1727334725309/300Rn06-2017.xls,300Rn06-2017.xls
300,Utredning och beslut,2017,Rn07,Region Bergslagen,https://bra.se/statistik_sidor/300/2017/300Rn07-2017.html,https://bra.se/download/18.7fd8fd90191e4ea274f13721/1727334724447/300Rn07-2017.xls,300Rn07-2017.xls
300,Utredning och beslut,2018,La,Hela landet,https://bra.se/statistik_sidor/300/2018/300La-2018.html,https://bra.se/download/18.7fd8fd90191e4ea274f136b6/1727334721056/300La-2018.xls,300La-2018.xls
300,Utredning och beslut,2018,Rn01,Region Nord,https://bra.se/statistik_sidor/300/2018/300Rn01-2018.html,https://bra.se/download/18.7fd8fd90191e4ea274f136c8/1727334721624/300Rn01-2018.xls,300Rn01-2018.xls
300,Utredning och beslut,2018,Rn02,Region Mitt,https://bra.se/statistik_sidor/300/2018/300Rn02-2018.html,https://bra.se/download/18.7fd8fd90191e4ea274f136da/1727334722211/300Rn02-2018.xls,300Rn02-2018.xls
300,Utredning och beslut,2018,Rn03,Region Stockholm,https://bra.se/statistik_sidor/300/2018/300Rn03-2018.html,https://bra.se/download/18.7fd8fd90191e4ea274f136ec/1727334722784/300Rn03-2018.xls,300Rn03-2018.xls
300,Utredning och beslut,2018,Rn04,Region Ost,https://bra.se/statistik_sidor/300/2018/300Rn04-2018.html,https://bra.se/download/18.7fd8fd90191e4ea274f136d1/1727334721900/300Rn04-2018.xls,300Rn04-2018.xls
300,Utredning och beslut,2018,Rn05,Region Vast,https://bra.se/statistik_sidor/300/2018/300Rn05-2018.html,https://bra.se/download/18.7fd8fd90191e4ea274f136bf/1727334721350/300Rn05-2018.xls,300Rn05-2018.xls
300,Utredning och beslut,2018,Rn06,Region Syd,https://bra.se/statistik_sidor/300/2018/300Rn06-2018.html,https://bra.se/download/18.7fd8fd90191e4ea274f136ad/1727334720419/300Rn06-2018.xls,300Rn06-2018.xls
300,Utredning och beslut,2018,Rn07,Region Bergslagen,https://bra.se/statistik_sidor/300/2018/300Rn07-2018.html,https://bra.se/download/18.7fd8fd90191e4ea274f136e3/1727334722496/300Rn07-2018.xls,300Rn07-2018.xls
300,Utredning och beslut,2019,La,Hela landet,https://bra.se/statistik_sidor/300/2019/300La-2019.html,https://bra.se/download/18.7fd8fd90191e4ea274f1365d/1727334717469/300La-2019.xls,300La-2019.xls
300,Utredning och beslut,2019,Rn01,Region Nord,https://bra.se/statistik_sidor/300/2019/300Rn01-2019.html,https://bra.se/download/18.7fd8fd90191e4ea274f13666/1727334717744/300Rn01-2019.xls,300Rn01-2019.xls
300,Utredning och beslut,2019,Rn02,Region Mitt,https://bra.se/statistik_sidor/300/2019/300Rn02-2019.html,https://bra.se/download/18.7fd8fd90191e4ea274f13693/1727334719570/300Rn02-2019.xls,300Rn02-2019.xls
300,Utredning och beslut,2019,Rn03,Region Stockholm,https://bra.se/statistik_sidor/300/2019/300Rn03-2019.html,https://bra.se/download/18.7fd8fd90191e4ea274f1366f/1727334718037/300Rn03-2019.xls,300Rn03-2019.xls
300,Utredning och beslut,2019,Rn04,Region Ost,https://bra.se/statistik_sidor/300/2019/300Rn04-2019.html,https://bra.se/download/18.7fd8fd90191e4ea274f13678/1727334718327/300Rn04-2019.xls,300Rn04-2019.xls
300,Utredning och beslut,2019,Rn05,Region Vast,https://bra.se/statistik_sidor/300/2019/300Rn05-2019.html,https://bra.se/download/18.7fd8fd90191e4ea274f13681/1727334718624/300Rn05-2019.xls,300Rn05-2019.xls
300,Utredning och beslut,2019,Rn06,Region Syd,https://bra.se/statistik_sidor/300/2019/300Rn06-2019.html,https://bra.se/download/18.7fd8fd90191e4ea274f1368a/1727334718947/300Rn06-2019.xls,300Rn06-2019.xls
300,Utredning och beslut,2019,Rn07,Region Bergslagen,https://bra.se/statistik_sidor/300/2019/300Rn07-2019.html,https://bra.se/download/18.7fd8fd90191e4ea274f1369c/1727334719882/300Rn07-2019.xls,300Rn07-2019.xls
300,Utredning och beslut,2020,La,Hela landet,https://bra.se/statistik_sidor/300/2020/300La-2020.html,https://bra.se/download/18.4450dd8019ed44e114546843/1783420442276/300La-2020.xlsx,300La-2020.xlsx
300,Utredning och beslut,2020,Rn01,Region Nord,https://bra.se/statistik_sidor/300/2020/300Rn01-2020.html,https://bra.se/download/18.4450dd8019ed44e11454684c/1783420442508/300Rn01-2020.xlsx,300Rn01-2020.xlsx
300,Utredning och beslut,2020,Rn02,Region Mitt,https://bra.se/statistik_sidor/300/2020/300Rn02-2020.html,https://bra.se/download/18.4450dd8019ed44e114546855/1783420442718/300Rn02-2020.xlsx,300Rn02-2020.xlsx
300,Utredning och beslut,2020,Rn03,Region Stockholm,https://bra.se/statistik_sidor/300/2020/300Rn03-2020.html,https://bra.se/download/18.4450dd8019ed44e11454685e/1783420442930/300Rn03-2020.xlsx,300Rn03-2020.xlsx
300,Utredning och beslut,2020,Rn04,Region Ost,https://bra.se/statistik_sidor/300/2020/300Rn04-2020.html,https://bra.se/download/18.4450dd8019ed44e114546867/1783420443189/300Rn04-2020.xlsx,300Rn04-2020.xlsx
300,Utredning och beslut,2020,Rn05,Region Vast,https://bra.se/statistik_sidor/300/2020/300Rn05-2020.html,https://bra.se/download/18.4450dd8019ed44e114546870/1783420443399/300Rn05-2020.xlsx,300Rn05-2020.xlsx
300,Utredning och beslut,2020,Rn06,Region Syd,https://bra.se/statistik_sidor/300/2020/300Rn06-2020.html,https://bra.se/download/18.4450dd8019ed44e114546879/1783420443630/300Rn06-2020.xlsx,300Rn06-2020.xlsx
300,Utredning och beslut,2020,Rn07,Region Bergslagen,https://bra.se/statistik_sidor/300/2020/300Rn07-2020.html,https://bra.se/download/18.4450dd8019ed44e114546882/1783420443844/300Rn07-2020.xlsx,300Rn07-2020.xlsx
300,Utredning och beslut,2021,La,Hela landet,https://bra.se/statistik_sidor/300/2021/300La-2021.html,https://bra.se/download/18.4450dd8019ed44e114546966/1783420718017/300La-2021.xlsx,300La-2021.xlsx
300,Utredning och beslut,2021,Rn01,Region Nord,https://bra.se/statistik_sidor/300/2021/300Rn01-2021.html,https://bra.se/download/18.4450dd8019ed44e11454696f/1783420718222/300Rn01-2021.xlsx,300Rn01-2021.xlsx
300,Utredning och beslut,2021,Rn02,Region Mitt,https://bra.se/statistik_sidor/300/2021/300Rn02-2021.html,https://bra.se/download/18.4450dd8019ed44e114546978/1783420718424/300Rn02-2021.xlsx,300Rn02-2021.xlsx
300,Utredning och beslut,2021,Rn03,Region Stockholm,https://bra.se/statistik_sidor/300/2021/300Rn03-2021.html,https://bra.se/download/18.4450dd8019ed44e114546981/1783420718663/300Rn03-2021.xlsx,300Rn03-2021.xlsx
300,Utredning och beslut,2021,Rn04,Region Ost,https://bra.se/statistik_sidor/300/2021/300Rn04-2021.html,https://bra.se/download/18.4450dd8019ed44e11454698a/1783420718899/300Rn04-2021.xlsx,300Rn04-2021.xlsx
300,Utredning och beslut,2021,Rn05,Region Vast,https://bra.se/statistik_sidor/300/2021/300Rn05-2021.html,https://bra.se/download/18.4450dd8019ed44e114546993/1783420719121/300Rn05-2021.xlsx,300Rn05-2021.xlsx
300,Utredning och beslut,2021,Rn06,Region Syd,https://bra.se/statistik_sidor/300/2021/300Rn06-2021.html,https://bra.se/download/18.4450dd8019ed44e11454699c/1783420719332/300Rn06-2021.xlsx,300Rn06-2021.xlsx
300,Utredning och beslut,2021,Rn07,Region Bergslagen,https://bra.se/statistik_sidor/300/2021/300Rn07-2021.html,https://bra.se/download/18.4450dd8019ed44e1145469a5/1783420719566/300Rn07-2021.xlsx,300Rn07-2021.xlsx
300,Utredning och beslut,2022,La,Hela landet,https://bra.se/statistik_sidor/300/2022/300La-2022.html,https://bra.se/download/18.4450dd8019ed44e114546a7b/1783420848708/300La-2022.xlsx,300La-2022.xlsx
300,Utredning och beslut,2022,Rn01,Region Nord,https://bra.se/statistik_sidor/300/2022/300Rn01-2022.html,https://bra.se/download/18.4450dd8019ed44e114546a84/1783420848941/300Rn01-2022.xlsx,300Rn01-2022.xlsx
300,Utredning och beslut,2022,Rn02,Region Mitt,https://bra.se/statistik_sidor/300/2022/300Rn02-2022.html,https://bra.se/download/18.4450dd8019ed44e114546a8d/1783420849156/300Rn02-2022.xlsx,300Rn02-2022.xlsx
300,Utredning och beslut,2022,Rn03,Region Stockholm,https://bra.se/statistik_sidor/300/2022/300Rn03-2022.html,https://bra.se/download/18.4450dd8019ed44e114546a96/1783420849375/300Rn03-2022.xlsx,300Rn03-2022.xlsx
300,Utredning och beslut,2022,Rn04,Region Ost,https://bra.se/statistik_sidor/300/2022/300Rn04-2022.html,https://bra.se/download/18.4450dd8019ed44e114546a9f/1783420849581/300Rn04-2022.xlsx,300Rn04-2022.xlsx
300,Utredning och beslut,2022,Rn05,Region Vast,https://bra.se/statistik_sidor/300/2022/300Rn05-2022.html,https://bra.se/download/18.4450dd8019ed44e114546aa8/1783420849811/300Rn05-2022.xlsx,300Rn05-2022.xlsx
300,Utredning och beslut,2022,Rn06,Region Syd,https://bra.se/statistik_sidor/300/2022/300Rn06-2022.html,https://bra.se/download/18.4450dd8019ed44e114546ab1/1783420850045/300Rn06-2022.xlsx,300Rn06-2022.xlsx
300,Utredning och beslut,2022,Rn07,Region Bergslagen,https://bra.se/statistik_sidor/300/2022/300Rn07-2022.html,https://bra.se/download/18.4450dd8019ed44e114546aba/1783420850246/300Rn07-2022.xlsx,300Rn07-2022.xlsx
300,Utredning och beslut,2023,La,Hela landet,https://bra.se/statistik_sidor/300/2023/300La-2023.html,https://bra.se/download/18.4450dd8019ed44e114546b8b/1783421001631/300La-2023.xlsx,300La-2023.xlsx
300,Utredning och beslut,2023,Rn01,Region Nord,https://bra.se/statistik_sidor/300/2023/300Rn01-2023.html,https://bra.se/download/18.4450dd8019ed44e114546b94/1783421001832/300Rn01-2023.xlsx,300Rn01-2023.xlsx
300,Utredning och beslut,2023,Rn02,Region Mitt,https://bra.se/statistik_sidor/300/2023/300Rn02-2023.html,https://bra.se/download/18.4450dd8019ed44e114546b9d/1783421002046/300Rn02-2023.xlsx,300Rn02-2023.xlsx
300,Utredning och beslut,2023,Rn03,Region Stockholm,https://bra.se/statistik_sidor/300/2023/300Rn03-2023.html,https://bra.se/download/18.4450dd8019ed44e114546ba6/1783421002250/300Rn03-2023.xlsx,300Rn03-2023.xlsx
300,Utredning och beslut,2023,Rn04,Region Ost,https://bra.se/statistik_sidor/300/2023/300Rn04-2023.html,https://bra.se/download/18.4450dd8019ed44e114546baf/1783421002475/300Rn04-2023.xlsx,300Rn04-2023.xlsx
300,Utredning och beslut,2023,Rn05,Region Vast,https://bra.se/statistik_sidor/300/2023/300Rn05-2023.html,https://bra.se/download/18.4450dd8019ed44e114546bb8/1783421002697/300Rn05-2023.xlsx,300Rn05-2023.xlsx
300,Utredning och beslut,2023,Rn06,Region Syd,https://bra.se/statistik_sidor/300/2023/300Rn06-2023.html,https://bra.se/download/18.4450dd8019ed44e114546bc1/1783421002904/300Rn06-2023.xlsx,300Rn06-2023.xlsx
300,Utredning och beslut,2023,Rn07,Region Bergslagen,https://bra.se/statistik_sidor/300/2023/300Rn07-2023.html,https://bra.se/download/18.4450dd8019ed44e114546bca/1783421003117/300Rn07-2023.xlsx,300Rn07-2023.xlsx
300,Utredning och beslut,2024,La,Hela landet,https://bra.se/statistik_sidor/300/2024/300La-2024.html,https://bra.se/download/18.4450dd8019ed44e114546c91/1783421120085/300La-2024.xlsx,300La-2024.xlsx
300,Utredning och beslut,2024,Rn01,Region Nord,https://bra.se/statistik_sidor/300/2024/300Rn01-2024.html,https://bra.se/download/18.4450dd8019ed44e114546c9a/1783421120292/300Rn01-2024.xlsx,300Rn01-2024.xlsx
300,Utredning och beslut,2024,Rn02,Region Mitt,https://bra.se/statistik_sidor/300/2024/300Rn02-2024.html,https://bra.se/download/18.4450dd8019ed44e114546ca3/1783421120508/300Rn02-2024.xlsx,300Rn02-2024.xlsx
300,Utredning och beslut,2024,Rn03,Region Stockholm,https://bra.se/statistik_sidor/300/2024/300Rn03-2024.html,https://bra.se/download/18.4450dd8019ed44e114546cac/1783421120719/300Rn03-2024.xlsx,300Rn03-2024.xlsx
300,Utredning och beslut,2024,Rn04,Region Ost,https://bra.se/statistik_sidor/300/2024/300Rn04-2024.html,https://bra.se/download/18.4450dd8019ed44e114546cb5/1783421120924/300Rn04-2024.xlsx,300Rn04-2024.xlsx
300,Utredning och beslut,2024,Rn05,Region Vast,https://bra.se/statistik_sidor/300/2024/300Rn05-2024.html,https://bra.se/download/18.4450dd8019ed44e114546cbe/1783421121159/300Rn05-2024.xlsx,300Rn05-2024.xlsx
300,Utredning och beslut,2024,Rn06,Region Syd,https://bra.se/statistik_sidor/300/2024/300Rn06-2024.html,https://bra.se/download/18.4450dd8019ed44e114546cc7/1783421121378/300Rn06-2024.xlsx,300Rn06-2024.xlsx
300,Utredning och beslut,2024,Rn07,Region Bergslagen,https://bra.se/statistik_sidor/300/2024/300Rn07-2024.html,https://bra.se/download/18.4450dd8019ed44e114546cd0/1783421121593/300Rn07-2024.xlsx,300Rn07-2024.xlsx
300,Utredning och beslut,2025,La,Hela landet,https://bra.se/statistik_sidor/300/2025/300La-2025.html,https://bra.se/download/18.4450dd8019ed44e114546da2/1783421234749/300La-2025.xlsx,300La-2025.xlsx
300,Utredning och beslut,2025,Rn01,Region Nord,https://bra.se/statistik_sidor/300/2025/300Rn01-2025.html,https://bra.se/download/18.4450dd8019ed44e114546dab/1783421234951/300Rn01-2025.xlsx,300Rn01-2025.xlsx
300,Utredning och beslut,2025,Rn02,Region Mitt,https://bra.se/statistik_sidor/300/2025/300Rn02-2025.html,https://bra.se/download/18.4450dd8019ed44e114546db4/1783421235172/300Rn02-2025.xlsx,300Rn02-2025.xlsx
300,Utredning och beslut,2025,Rn03,Region Stockholm,https://bra.se/statistik_sidor/300/2025/300Rn03-2025.html,https://bra.se/download/18.4450dd8019ed44e114546dbd/1783421235414/300Rn03-2025.xlsx,300Rn03-2025.xlsx
300,Utredning och beslut,2025,Rn04,Region Ost,https://bra.se/statistik_sidor/300/2025/300Rn04-2025.html,https://bra.se/download/18.4450dd8019ed44e114546dc6/1783421235618/300Rn04-2025.xlsx,300Rn04-2025.xlsx
300,Utredning och beslut,2025,Rn05,Region Vast,https://bra.se/statistik_sidor/300/2025/300Rn05-2025.html,https://bra.se/download/18.4450dd8019ed44e114546dcf/1783421235825/300Rn05-2025.xlsx,300Rn05-2025.xlsx
300,Utredning och beslut,2025,Rn06,Region Syd,https://bra.se/statistik_sidor/300/2025/300Rn06-2025.html,https://bra.se/download/18.4450dd8019ed44e114546dd8/1783421236052/300Rn06-2025.xlsx,300Rn06-2025.xlsx
300,Utredning och beslut,2025,Rn07,Region Bergslagen,https://bra.se/statistik_sidor/300/2025/300Rn07-2025.html,https://bra.se/download/18.4450dd8019ed44e114546de1/1783421236280/300Rn07-2025.xlsx,300Rn07-2025.xlsx
310,Misstankt person och beslut,2014,La,Hela landet,https://bra.se/statistik_sidor/310/2014/310La-2014.html,https://bra.se/download/18.7fd8fd90191e4ea274f13eea/1727334853587/310La-2014.xls,310La-2014.xls
310,Misstankt person och beslut,2015,La,Hela landet,https://bra.se/statistik_sidor/310/2015/310La-2015.html,https://bra.se/download/18.7fd8fd90191e4ea274f13eac/1727334851767/310La-2015.xls,310La-2015.xls
310,Misstankt person och beslut,2015,Rn01,Region Nord,https://bra.se/statistik_sidor/310/2015/310Rn01-2015.html,https://bra.se/download/18.7fd8fd90191e4ea274f13e88/1727334850700/310Rn01-2015.xls,310Rn01-2015.xls
310,Misstankt person och beslut,2015,Rn02,Region Mitt,https://bra.se/statistik_sidor/310/2015/310Rn02-2015.html,https://bra.se/download/18.7fd8fd90191e4ea274f13eb5/1727334852027/310Rn02-2015.xls,310Rn02-2015.xls
310,Misstankt person och beslut,2015,Rn03,Region Stockholm,https://bra.se/statistik_sidor/310/2015/310Rn03-2015.html,https://bra.se/download/18.7fd8fd90191e4ea274f13e7f/1727334850423/310Rn03-2015.xls,310Rn03-2015.xls
310,Misstankt person och beslut,2015,Rn04,Region Ost,https://bra.se/statistik_sidor/310/2015/310Rn04-2015.html,https://bra.se/download/18.7fd8fd90191e4ea274f13ea3/1727334851492/310Rn04-2015.xls,310Rn04-2015.xls
310,Misstankt person och beslut,2015,Rn05,Region Vast,https://bra.se/statistik_sidor/310/2015/310Rn05-2015.html,https://bra.se/download/18.7fd8fd90191e4ea274f13e9a/1727334851233/310Rn05-2015.xls,310Rn05-2015.xls
310,Misstankt person och beslut,2015,Rn06,Region Syd,https://bra.se/statistik_sidor/310/2015/310Rn06-2015.html,https://bra.se/download/18.7fd8fd90191e4ea274f13e91/1727334850975/310Rn06-2015.xls,310Rn06-2015.xls
310,Misstankt person och beslut,2015,Rn07,Region Bergslagen,https://bra.se/statistik_sidor/310/2015/310Rn07-2015.html,https://bra.se/download/18.7fd8fd90191e4ea274f13ebe/1727334852287/310Rn07-2015.xls,310Rn07-2015.xls
310,Misstankt person och beslut,2016,La,Hela landet,https://bra.se/statistik_sidor/310/2016/310La-2016.html,https://bra.se/download/18.7fd8fd90191e4ea274f13e5c/1727334849265/310La-2016.xls,310La-2016.xls
310,Misstankt person och beslut,2016,Rn01,Region Nord,https://bra.se/statistik_sidor/310/2016/310Rn01-2016.html,https://bra.se/download/18.7fd8fd90191e4ea274f13e65/1727334849648/310Rn01-2016.xls,310Rn01-2016.xls
310,Misstankt person och beslut,2016,Rn02,Region Mitt,https://bra.se/statistik_sidor/310/2016/310Rn02-2016.html,https://bra.se/download/18.7fd8fd90191e4ea274f13e2f/1727334847822/310Rn02-2016.xls,310Rn02-2016.xls
310,Misstankt person och beslut,2016,Rn03,Region Stockholm,https://bra.se/statistik_sidor/310/2016/310Rn03-2016.html,https://bra.se/download/18.7fd8fd90191e4ea274f13e41/1727334848428/310Rn03-2016.xls,310Rn03-2016.xls
310,Misstankt person och beslut,2016,Rn04,Region Ost,https://bra.se/statistik_sidor/310/2016/310Rn04-2016.html,https://bra.se/download/18.7fd8fd90191e4ea274f13e6e/1727334849937/310Rn04-2016.xls,310Rn04-2016.xls
310,Misstankt person och beslut,2016,Rn05,Region Vast,https://bra.se/statistik_sidor/310/2016/310Rn05-2016.html,https://bra.se/download/18.7fd8fd90191e4ea274f13e4a/1727334848712/310Rn05-2016.xls,310Rn05-2016.xls
310,Misstankt person och beslut,2016,Rn06,Region Syd,https://bra.se/statistik_sidor/310/2016/310Rn06-2016.html,https://bra.se/download/18.7fd8fd90191e4ea274f13e53/1727334848996/310Rn06-2016.xls,310Rn06-2016.xls
310,Misstankt person och beslut,2016,Rn07,Region Bergslagen,https://bra.se/statistik_sidor/310/2016/310Rn07-2016.html,https://bra.se/download/18.7fd8fd90191e4ea274f13e38/1727334848149/310Rn07-2016.xls,310Rn07-2016.xls
310,Misstankt person och beslut,2017,La,Hela landet,https://bra.se/statistik_sidor/310/2017/310La-2017.html,https://bra.se/download/18.7fd8fd90191e4ea274f13de8/1727334845623/310La-2017.xls,310La-2017.xls
310,Misstankt person och beslut,2017,Rn01,Region Nord,https://bra.se/statistik_sidor/310/2017/310Rn01-2017.html,https://bra.se/download/18.7fd8fd90191e4ea274f13e15/1727334847043/310Rn01-2017.xls,310Rn01-2017.xls
310,Misstankt person och beslut,2017,Rn02,Region Mitt,https://bra.se/statistik_sidor/310/2017/310Rn02-2017.html,https://bra.se/download/18.7fd8fd90191e4ea274f13df1/1727334845896/310Rn02-2017.xls,310Rn02-2017.xls
310,Misstankt person och beslut,2017,Rn03,Region Stockholm,https://bra.se/statistik_sidor/310/2017/310Rn03-2017.html,https://bra.se/download/18.7fd8fd90191e4ea274f13ddf/1727334845365/310Rn03-2017.xls,310Rn03-2017.xls
310,Misstankt person och beslut,2017,Rn04,Region Ost,https://bra.se/statistik_sidor/310/2017/310Rn04-2017.html,https://bra.se/download/18.7fd8fd90191e4ea274f13e0c/1727334846706/310Rn04-2017.xls,310Rn04-2017.xls
310,Misstankt person och beslut,2017,Rn05,Region Vast,https://bra.se/statistik_sidor/310/2017/310Rn05-2017.html,https://bra.se/download/18.7fd8fd90191e4ea274f13e03/1727334846444/310Rn05-2017.xls,310Rn05-2017.xls
310,Misstankt person och beslut,2017,Rn06,Region Syd,https://bra.se/statistik_sidor/310/2017/310Rn06-2017.html,https://bra.se/download/18.7fd8fd90191e4ea274f13e1e/1727334847310/310Rn06-2017.xls,310Rn06-2017.xls
310,Misstankt person och beslut,2017,Rn07,Region Bergslagen,https://bra.se/statistik_sidor/310/2017/310Rn07-2017.html,https://bra.se/download/18.7fd8fd90191e4ea274f13dfa/1727334846179/310Rn07-2017.xls,310Rn07-2017.xls
310,Misstankt person och beslut,2018,La,Hela landet,https://bra.se/statistik_sidor/310/2018/310La-2018.html,https://bra.se/download/18.7fd8fd90191e4ea274f13dc5/1727334844575/310La-2018.xls,310La-2018.xls
310,Misstankt person och beslut,2018,Rn01,Region Nord,https://bra.se/statistik_sidor/310/2018/310Rn01-2018.html,https://bra.se/download/18.7fd8fd90191e4ea274f13daa/1727334843722/310Rn01-2018.xls,310Rn01-2018.xls
310,Misstankt person och beslut,2018,Rn02,Region Mitt,https://bra.se/statistik_sidor/310/2018/310Rn02-2018.html,https://bra.se/download/18.7fd8fd90191e4ea274f13db3/1727334844016/310Rn02-2018.xls,310Rn02-2018.xls
310,Misstankt person och beslut,2018,Rn03,Region Stockholm,https://bra.se/statistik_sidor/310/2018/310Rn03-2018.html,https://bra.se/download/18.7fd8fd90191e4ea274f13d8f/1727334842915/310Rn03-2018.xls,310Rn03-2018.xls
310,Misstankt person och beslut,2018,Rn04,Region Ost,https://bra.se/statistik_sidor/310/2018/310Rn04-2018.html,https://bra.se/download/18.7fd8fd90191e4ea274f13dbc/1727334844294/310Rn04-2018.xls,310Rn04-2018.xls
310,Misstankt person och beslut,2018,Rn05,Region Vast,https://bra.se/statistik_sidor/310/2018/310Rn05-2018.html,https://bra.se/download/18.7fd8fd90191e4ea274f13da1/1727334843454/310Rn05-2018.xls,310Rn05-2018.xls
310,Misstankt person och beslut,2018,Rn06,Region Syd,https://bra.se/statistik_sidor/310/2018/310Rn06-2018.html,https://bra.se/download/18.7fd8fd90191e4ea274f13d98/1727334843178/310Rn06-2018.xls,310Rn06-2018.xls
310,Misstankt person och beslut,2018,Rn07,Region Bergslagen,https://bra.se/statistik_sidor/310/2018/310Rn07-2018.html,https://bra.se/download/18.7fd8fd90191e4ea274f13dce/1727334844848/310Rn07-2018.xls,310Rn07-2018.xls
310,Misstankt person och beslut,2019,La,Hela landet,https://bra.se/statistik_sidor/310/2019/310La-2019.html,https://bra.se/download/18.7fd8fd90191e4ea274f13d56/1727334841302/310La-2019.xls,310La-2019.xls
310,Misstankt person och beslut,2019,Rn01,Region Nord,https://bra.se/statistik_sidor/310/2019/310Rn01-2019.html,https://bra.se/download/18.7fd8fd90191e4ea274f13d5f/1727334841578/310Rn01-2019.xls,310Rn01-2019.xls
310,Misstankt person och beslut,2019,Rn02,Region Mitt,https://bra.se/statistik_sidor/310/2019/310Rn02-2019.html,https://bra.se/download/18.7fd8fd90191e4ea274f13d71/1727334842119/310Rn02-2019.xls,310Rn02-2019.xls
310,Misstankt person och beslut,2019,Rn03,Region Stockholm,https://bra.se/statistik_sidor/310/2019/310Rn03-2019.html,https://bra.se/download/18.7fd8fd90191e4ea274f13d44/1727334840754/310Rn03-2019.xls,310Rn03-2019.xls
310,Misstankt person och beslut,2019,Rn04,Region Ost,https://bra.se/statistik_sidor/310/2019/310Rn04-2019.html,https://bra.se/download/18.7fd8fd90191e4ea274f13d4d/1727334841020/310Rn04-2019.xls,310Rn04-2019.xls
310,Misstankt person och beslut,2019,Rn05,Region Vast,https://bra.se/statistik_sidor/310/2019/310Rn05-2019.html,https://bra.se/download/18.7fd8fd90191e4ea274f13d3b/1727334840468/310Rn05-2019.xls,310Rn05-2019.xls
310,Misstankt person och beslut,2019,Rn06,Region Syd,https://bra.se/statistik_sidor/310/2019/310Rn06-2019.html,https://bra.se/download/18.7fd8fd90191e4ea274f13d68/1727334841837/310Rn06-2019.xls,310Rn06-2019.xls
310,Misstankt person och beslut,2019,Rn07,Region Bergslagen,https://bra.se/statistik_sidor/310/2019/310Rn07-2019.html,https://bra.se/download/18.7fd8fd90191e4ea274f13d7e/1727334842421/310Rn07-2019.xls,310Rn07-2019.xls
310,Misstankt person och beslut,2020,La,Hela landet,https://bra.se/statistik_sidor/310/2020/310La-2020.html,https://bra.se/download/18.4450dd8019ed44e11454689f/1783420557342/310La-2020.xlsx,310La-2020.xlsx
310,Misstankt person och beslut,2020,Rn01,Region Nord,https://bra.se/statistik_sidor/310/2020/310Rn01-2020.html,https://bra.se/download/18.4450dd8019ed44e1145468a8/1783420557543/310Rn01-2020.xlsx,310Rn01-2020.xlsx
310,Misstankt person och beslut,2020,Rn02,Region Mitt,https://bra.se/statistik_sidor/310/2020/310Rn02-2020.html,https://bra.se/download/18.4450dd8019ed44e1145468b1/1783420557760/310Rn02-2020.xlsx,310Rn02-2020.xlsx
310,Misstankt person och beslut,2020,Rn03,Region Stockholm,https://bra.se/statistik_sidor/310/2020/310Rn03-2020.html,https://bra.se/download/18.4450dd8019ed44e1145468ba/1783420557968/310Rn03-2020.xlsx,310Rn03-2020.xlsx
310,Misstankt person och beslut,2020,Rn04,Region Ost,https://bra.se/statistik_sidor/310/2020/310Rn04-2020.html,https://bra.se/download/18.4450dd8019ed44e1145468c3/1783420558196/310Rn04-2020.xlsx,310Rn04-2020.xlsx
310,Misstankt person och beslut,2020,Rn05,Region Vast,https://bra.se/statistik_sidor/310/2020/310Rn05-2020.html,https://bra.se/download/18.4450dd8019ed44e1145468cc/1783420558429/310Rn05-2020.xlsx,310Rn05-2020.xlsx
310,Misstankt person och beslut,2020,Rn06,Region Syd,https://bra.se/statistik_sidor/310/2020/310Rn06-2020.html,https://bra.se/download/18.4450dd8019ed44e1145468d5/1783420558638/310Rn06-2020.xlsx,310Rn06-2020.xlsx
310,Misstankt person och beslut,2020,Rn07,Region Bergslagen,https://bra.se/statistik_sidor/310/2020/310Rn07-2020.html,https://bra.se/download/18.4450dd8019ed44e1145468de/1783420558868/310Rn07-2020.xlsx,310Rn07-2020.xlsx
310,Misstankt person och beslut,2021,La,Hela landet,https://bra.se/statistik_sidor/310/2021/310La-2021.html,https://bra.se/download/18.4450dd8019ed44e1145469b6/1783420728548/310La-2021.xlsx,310La-2021.xlsx
310,Misstankt person och beslut,2021,Rn01,Region Nord,https://bra.se/statistik_sidor/310/2021/310Rn01-2021.html,https://bra.se/download/18.4450dd8019ed44e1145469bf/1783420728744/310Rn01-2021.xlsx,310Rn01-2021.xlsx
310,Misstankt person och beslut,2021,Rn02,Region Mitt,https://bra.se/statistik_sidor/310/2021/310Rn02-2021.html,https://bra.se/download/18.4450dd8019ed44e1145469c8/1783420728965/310Rn02-2021.xlsx,310Rn02-2021.xlsx
310,Misstankt person och beslut,2021,Rn03,Region Stockholm,https://bra.se/statistik_sidor/310/2021/310Rn03-2021.html,https://bra.se/download/18.4450dd8019ed44e1145469d1/1783420729166/310Rn03-2021.xlsx,310Rn03-2021.xlsx
310,Misstankt person och beslut,2021,Rn04,Region Ost,https://bra.se/statistik_sidor/310/2021/310Rn04-2021.html,https://bra.se/download/18.4450dd8019ed44e1145469da/1783420729373/310Rn04-2021.xlsx,310Rn04-2021.xlsx
310,Misstankt person och beslut,2021,Rn05,Region Vast,https://bra.se/statistik_sidor/310/2021/310Rn05-2021.html,https://bra.se/download/18.4450dd8019ed44e1145469e3/1783420729593/310Rn05-2021.xlsx,310Rn05-2021.xlsx
310,Misstankt person och beslut,2021,Rn06,Region Syd,https://bra.se/statistik_sidor/310/2021/310Rn06-2021.html,https://bra.se/download/18.4450dd8019ed44e1145469ec/1783420729825/310Rn06-2021.xlsx,310Rn06-2021.xlsx
310,Misstankt person och beslut,2021,Rn07,Region Bergslagen,https://bra.se/statistik_sidor/310/2021/310Rn07-2021.html,https://bra.se/download/18.4450dd8019ed44e1145469f5/1783420730037/310Rn07-2021.xlsx,310Rn07-2021.xlsx
310,Misstankt person och beslut,2022,La,Hela landet,https://bra.se/statistik_sidor/310/2022/310La-2022.html,https://bra.se/download/18.4450dd8019ed44e114546acb/1783420858562/310La-2022.xlsx,310La-2022.xlsx
310,Misstankt person och beslut,2022,Rn01,Region Nord,https://bra.se/statistik_sidor/310/2022/310Rn01-2022.html,https://bra.se/download/18.4450dd8019ed44e114546ad4/1783420858789/310Rn01-2022.xlsx,310Rn01-2022.xlsx
310,Misstankt person och beslut,2022,Rn02,Region Mitt,https://bra.se/statistik_sidor/310/2022/310Rn02-2022.html,https://bra.se/download/18.4450dd8019ed44e114546add/1783420859991/310Rn02-2022.xlsx,310Rn02-2022.xlsx
310,Misstankt person och beslut,2022,Rn03,Region Stockholm,https://bra.se/statistik_sidor/310/2022/310Rn03-2022.html,https://bra.se/download/18.4450dd8019ed44e114546ae6/1783420860211/310Rn03-2022.xlsx,310Rn03-2022.xlsx
310,Misstankt person och beslut,2022,Rn04,Region Ost,https://bra.se/statistik_sidor/310/2022/310Rn04-2022.html,https://bra.se/download/18.4450dd8019ed44e114546aef/1783420860415/310Rn04-2022.xlsx,310Rn04-2022.xlsx
310,Misstankt person och beslut,2022,Rn05,Region Vast,https://bra.se/statistik_sidor/310/2022/310Rn05-2022.html,https://bra.se/download/18.4450dd8019ed44e114546af8/1783420860628/310Rn05-2022.xlsx,310Rn05-2022.xlsx
310,Misstankt person och beslut,2022,Rn06,Region Syd,https://bra.se/statistik_sidor/310/2022/310Rn06-2022.html,https://bra.se/download/18.4450dd8019ed44e114546b01/1783420860864/310Rn06-2022.xlsx,310Rn06-2022.xlsx
310,Misstankt person och beslut,2022,Rn07,Region Bergslagen,https://bra.se/statistik_sidor/310/2022/310Rn07-2022.html,https://bra.se/download/18.4450dd8019ed44e114546b0a/1783420861077/310Rn07-2022.xlsx,310Rn07-2022.xlsx
310,Misstankt person och beslut,2023,La,Hela landet,https://bra.se/statistik_sidor/310/2023/310La-2023.html,https://bra.se/download/18.4450dd8019ed44e114546bdb/1783421008972/310La-2023.xlsx,310La-2023.xlsx
310,Misstankt person och beslut,2023,Rn01,Region Nord,https://bra.se/statistik_sidor/310/2023/310Rn01-2023.html,https://bra.se/download/18.4450dd8019ed44e114546be4/1783421009196/310Rn01-2023.xlsx,310Rn01-2023.xlsx
310,Misstankt person och beslut,2023,Rn02,Region Mitt,https://bra.se/statistik_sidor/310/2023/310Rn02-2023.html,https://bra.se/download/18.4450dd8019ed44e114546bed/1783421009442/310Rn02-2023.xlsx,310Rn02-2023.xlsx
310,Misstankt person och beslut,2023,Rn03,Region Stockholm,https://bra.se/statistik_sidor/310/2023/310Rn03-2023.html,https://bra.se/download/18.4450dd8019ed44e114546bf6/1783421009661/310Rn03-2023.xlsx,310Rn03-2023.xlsx
310,Misstankt person och beslut,2023,Rn04,Region Ost,https://bra.se/statistik_sidor/310/2023/310Rn04-2023.html,https://bra.se/download/18.4450dd8019ed44e114546bff/1783421009881/310Rn04-2023.xlsx,310Rn04-2023.xlsx
310,Misstankt person och beslut,2023,Rn05,Region Vast,https://bra.se/statistik_sidor/310/2023/310Rn05-2023.html,https://bra.se/download/18.4450dd8019ed44e114546c08/1783421010094/310Rn05-2023.xlsx,310Rn05-2023.xlsx
310,Misstankt person och beslut,2023,Rn06,Region Syd,https://bra.se/statistik_sidor/310/2023/310Rn06-2023.html,https://bra.se/download/18.4450dd8019ed44e114546c11/1783421010316/310Rn06-2023.xlsx,310Rn06-2023.xlsx
310,Misstankt person och beslut,2023,Rn07,Region Bergslagen,https://bra.se/statistik_sidor/310/2023/310Rn07-2023.html,https://bra.se/download/18.4450dd8019ed44e114546c1a/1783421010563/310Rn07-2023.xlsx,310Rn07-2023.xlsx
310,Misstankt person och beslut,2024,La,Hela landet,https://bra.se/statistik_sidor/310/2024/310La-2024.html,https://bra.se/download/18.4450dd8019ed44e114546ce1/1783421127849/310La-2024.xlsx,310La-2024.xlsx
310,Misstankt person och beslut,2024,Rn01,Region Nord,https://bra.se/statistik_sidor/310/2024/310Rn01-2024.html,https://bra.se/download/18.4450dd8019ed44e114546cea/1783421128088/310Rn01-2024.xlsx,310Rn01-2024.xlsx
310,Misstankt person och beslut,2024,Rn02,Region Mitt,https://bra.se/statistik_sidor/310/2024/310Rn02-2024.html,https://bra.se/download/18.4450dd8019ed44e114546cf3/1783421128318/310Rn02-2024.xlsx,310Rn02-2024.xlsx
310,Misstankt person och beslut,2024,Rn03,Region Stockholm,https://bra.se/statistik_sidor/310/2024/310Rn03-2024.html,https://bra.se/download/18.4450dd8019ed44e114546cfc/1783421128553/310Rn03-2024.xlsx,310Rn03-2024.xlsx
310,Misstankt person och beslut,2024,Rn04,Region Ost,https://bra.se/statistik_sidor/310/2024/310Rn04-2024.html,https://bra.se/download/18.4450dd8019ed44e114546d05/1783421128782/310Rn04-2024.xlsx,310Rn04-2024.xlsx
310,Misstankt person och beslut,2024,Rn05,Region Vast,https://bra.se/statistik_sidor/310/2024/310Rn05-2024.html,https://bra.se/download/18.4450dd8019ed44e114546d0e/1783421129016/310Rn05-2024.xlsx,310Rn05-2024.xlsx
310,Misstankt person och beslut,2024,Rn06,Region Syd,https://bra.se/statistik_sidor/310/2024/310Rn06-2024.html,https://bra.se/download/18.4450dd8019ed44e114546d17/1783421129236/310Rn06-2024.xlsx,310Rn06-2024.xlsx
310,Misstankt person och beslut,2024,Rn07,Region Bergslagen,https://bra.se/statistik_sidor/310/2024/310Rn07-2024.html,https://bra.se/download/18.4450dd8019ed44e114546d20/1783421129463/310Rn07-2024.xlsx,310Rn07-2024.xlsx
310,Misstankt person och beslut,2025,La,Hela landet,https://bra.se/statistik_sidor/310/2025/310La-2025.html,https://bra.se/download/18.4450dd8019ed44e114546df2/1783421242671/310La-2025.xlsx,310La-2025.xlsx
310,Misstankt person och beslut,2025,Rn01,Region Nord,https://bra.se/statistik_sidor/310/2025/310Rn01-2025.html,https://bra.se/download/18.4450dd8019ed44e114546dfb/1783421242909/310Rn01-2025.xlsx,310Rn01-2025.xlsx
310,Misstankt person och beslut,2025,Rn02,Region Mitt,https://bra.se/statistik_sidor/310/2025/310Rn02-2025.html,https://bra.se/download/18.4450dd8019ed44e114546e04/1783421243129/310Rn02-2025.xlsx,310Rn02-2025.xlsx
310,Misstankt person och beslut,2025,Rn03,Region Stockholm,https://bra.se/statistik_sidor/310/2025/310Rn03-2025.html,https://bra.se/download/18.4450dd8019ed44e114546e0d/1783421243335/310Rn03-2025.xlsx,310Rn03-2025.xlsx
310,Misstankt person och beslut,2025,Rn04,Region Ost,https://bra.se/statistik_sidor/310/2025/310Rn04-2025.html,https://bra.se/download/18.4450dd8019ed44e114546e16/1783421243568/310Rn04-2025.xlsx,310Rn04-2025.xlsx
310,Misstankt person och beslut,2025,Rn05,Region Vast,https://bra.se/statistik_sidor/310/2025/310Rn05-2025.html,https://bra.se/download/18.4450dd8019ed44e114546e1f/1783421243803/310Rn05-2025.xlsx,310Rn05-2025.xlsx
310,Misstankt person och beslut,2025,Rn06,Region Syd,https://bra.se/statistik_sidor/310/2025/310Rn06-2025.html,https://bra.se/download/18.4450dd8019ed44e114546e28/1783421244038/310Rn06-2025.xlsx,310Rn06-2025.xlsx
310,Misstankt person och beslut,2025,Rn07,Region Bergslagen,https://bra.se/statistik_sidor/310/2025/310Rn07-2025.html,https://bra.se/download/18.4450dd8019ed44e114546e31/1783421244273/310Rn07-2025.xlsx,310Rn07-2025.xlsx
320,Anmalningsar,2014,La,Hela landet,https://bra.se/statistik_sidor/320/2014/320La-2014.html,https://bra.se/download/18.7fd8fd90191e4ea274f145d4/1727335055083/320La-2014.xls,320La-2014.xls
320,Anmalningsar,2015,La,Hela landet,https://bra.se/statistik_sidor/320/2015/320La-2015.html,https://bra.se/download/18.7fd8fd90191e4ea274f1458d/1727335052687/320La-2015.xls,320La-2015.xls
320,Anmalningsar,2015,Rn01,Region Nord,https://bra.se/statistik_sidor/320/2015/320Rn01-2015.html,https://bra.se/download/18.7fd8fd90191e4ea274f1457b/1727335052100/320Rn01-2015.xls,320Rn01-2015.xls
320,Anmalningsar,2015,Rn02,Region Mitt,https://bra.se/statistik_sidor/320/2015/320Rn02-2015.html,https://bra.se/download/18.7fd8fd90191e4ea274f14596/1727335053014/320Rn02-2015.xls,320Rn02-2015.xls
320,Anmalningsar,2015,Rn03,Region Stockholm,https://bra.se/statistik_sidor/320/2015/320Rn03-2015.html,https://bra.se/download/18.7fd8fd90191e4ea274f14560/1727335051238/320Rn03-2015.xls,320Rn03-2015.xls
320,Anmalningsar,2015,Rn04,Region Ost,https://bra.se/statistik_sidor/320/2015/320Rn04-2015.html,https://bra.se/download/18.7fd8fd90191e4ea274f14569/1727335051528/320Rn04-2015.xls,320Rn04-2015.xls
320,Anmalningsar,2015,Rn05,Region Vast,https://bra.se/statistik_sidor/320/2015/320Rn05-2015.html,https://bra.se/download/18.7fd8fd90191e4ea274f14584/1727335052402/320Rn05-2015.xls,320Rn05-2015.xls
320,Anmalningsar,2015,Rn06,Region Syd,https://bra.se/statistik_sidor/320/2015/320Rn06-2015.html,https://bra.se/download/18.7fd8fd90191e4ea274f14572/1727335051819/320Rn06-2015.xls,320Rn06-2015.xls
320,Anmalningsar,2015,Rn07,Region Bergslagen,https://bra.se/statistik_sidor/320/2015/320Rn07-2015.html,https://bra.se/download/18.7fd8fd90191e4ea274f1459f/1727335053337/320Rn07-2015.xls,320Rn07-2015.xls
320,Anmalningsar,2016,La,Hela landet,https://bra.se/statistik_sidor/320/2016/320La-2016.html,https://bra.se/download/18.7fd8fd90191e4ea274f1452b/1727335049432/320La-2016.xls,320La-2016.xls
320,Anmalningsar,2016,Rn01,Region Nord,https://bra.se/statistik_sidor/320/2016/320Rn01-2016.html,https://bra.se/download/18.7fd8fd90191e4ea274f14522/1727335049108/320Rn01-2016.xls,320Rn01-2016.xls
320,Anmalningsar,2016,Rn02,Region Mitt,https://bra.se/statistik_sidor/320/2016/320Rn02-2016.html,https://bra.se/download/18.7fd8fd90191e4ea274f1453d/1727335050054/320Rn02-2016.xls,320Rn02-2016.xls
320,Anmalningsar,2016,Rn03,Region Stockholm,https://bra.se/statistik_sidor/320/2016/320Rn03-2016.html,https://bra.se/download/18.7fd8fd90191e4ea274f14519/1727335048798/320Rn03-2016.xls,320Rn03-2016.xls
320,Anmalningsar,2016,Rn04,Region Ost,https://bra.se/statistik_sidor/320/2016/320Rn04-2016.html,https://bra.se/download/18.7fd8fd90191e4ea274f1454f/1727335050670/320Rn04-2016.xls,320Rn04-2016.xls
320,Anmalningsar,2016,Rn05,Region Vast,https://bra.se/statistik_sidor/320/2016/320Rn05-2016.html,https://bra.se/download/18.7fd8fd90191e4ea274f14510/1727335048498/320Rn05-2016.xls,320Rn05-2016.xls
320,Anmalningsar,2016,Rn06,Region Syd,https://bra.se/statistik_sidor/320/2016/320Rn06-2016.html,https://bra.se/download/18.7fd8fd90191e4ea274f14534/1727335049738/320Rn06-2016.xls,320Rn06-2016.xls
320,Anmalningsar,2016,Rn07,Region Bergslagen,https://bra.se/statistik_sidor/320/2016/320Rn07-2016.html,https://bra.se/download/18.7fd8fd90191e4ea274f14546/1727335050378/320Rn07-2016.xls,320Rn07-2016.xls
320,Anmalningsar,2017,La,Hela landet,https://bra.se/statistik_sidor/320/2017/320La-2017.html,https://bra.se/download/18.7fd8fd90191e4ea274f144f6/1727335047709/320La-2017.xls,320La-2017.xls
320,Anmalningsar,2017,Rn01,Region Nord,https://bra.se/statistik_sidor/320/2017/320Rn01-2017.html,https://bra.se/download/18.7fd8fd90191e4ea274f144ed/1727335047429/320Rn01-2017.xls,320Rn01-2017.xls
320,Anmalningsar,2017,Rn02,Region Mitt,https://bra.se/statistik_sidor/320/2017/320Rn02-2017.html,https://bra.se/download/18.7fd8fd90191e4ea274f144db/1727335046884/320Rn02-2017.xls,320Rn02-2017.xls
320,Anmalningsar,2017,Rn03,Region Stockholm,https://bra.se/statistik_sidor/320/2017/320Rn03-2017.html,https://bra.se/download/18.7fd8fd90191e4ea274f144c0/1727335045981/320Rn03-2017.xls,320Rn03-2017.xls
320,Anmalningsar,2017,Rn04,Region Ost,https://bra.se/statistik_sidor/320/2017/320Rn04-2017.html,https://bra.se/download/18.7fd8fd90191e4ea274f144c9/1727335046273/320Rn04-2017.xls,320Rn04-2017.xls
320,Anmalningsar,2017,Rn05,Region Vast,https://bra.se/statistik_sidor/320/2017/320Rn05-2017.html,https://bra.se/download/18.7fd8fd90191e4ea274f144d2/1727335046567/320Rn05-2017.xls,320Rn05-2017.xls
320,Anmalningsar,2017,Rn06,Region Syd,https://bra.se/statistik_sidor/320/2017/320Rn06-2017.html,https://bra.se/download/18.7fd8fd90191e4ea274f144ff/1727335047980/320Rn06-2017.xls,320Rn06-2017.xls
320,Anmalningsar,2017,Rn07,Region Bergslagen,https://bra.se/statistik_sidor/320/2017/320Rn07-2017.html,https://bra.se/download/18.7fd8fd90191e4ea274f144e4/1727335047167/320Rn07-2017.xls,320Rn07-2017.xls
320,Anmalningsar,2018,La,Hela landet,https://bra.se/statistik_sidor/320/2018/320La-2018.html,https://bra.se/download/18.7fd8fd90191e4ea274f1449d/1727335044882/320La-2018.xls,320La-2018.xls
320,Anmalningsar,2018,Rn01,Region Nord,https://bra.se/statistik_sidor/320/2018/320Rn01-2018.html,https://bra.se/download/18.7fd8fd90191e4ea274f14482/1727335043892/320Rn01-2018.xls,320Rn01-2018.xls
320,Anmalningsar,2018,Rn02,Region Mitt,https://bra.se/statistik_sidor/320/2018/320Rn02-2018.html,https://bra.se/download/18.7fd8fd90191e4ea274f1448b/1727335044221/320Rn02-2018.xls,320Rn02-2018.xls
320,Anmalningsar,2018,Rn03,Region Stockholm,https://bra.se/statistik_sidor/320/2018/320Rn03-2018.html,https://bra.se/download/18.7fd8fd90191e4ea274f14479/1727335043565/320Rn03-2018.xls,320Rn03-2018.xls
320,Anmalningsar,2018,Rn04,Region Ost,https://bra.se/statistik_sidor/320/2018/320Rn04-2018.html,https://bra.se/download/18.7fd8fd90191e4ea274f144af/1727335045470/320Rn04-2018.xls,320Rn04-2018.xls
320,Anmalningsar,2018,Rn05,Region Vast,https://bra.se/statistik_sidor/320/2018/320Rn05-2018.html,https://bra.se/download/18.7fd8fd90191e4ea274f14494/1727335044564/320Rn05-2018.xls,320Rn05-2018.xls
320,Anmalningsar,2018,Rn06,Region Syd,https://bra.se/statistik_sidor/320/2018/320Rn06-2018.html,https://bra.se/download/18.7fd8fd90191e4ea274f14470/1727335043238/320Rn06-2018.xls,320Rn06-2018.xls
320,Anmalningsar,2018,Rn07,Region Bergslagen,https://bra.se/statistik_sidor/320/2018/320Rn07-2018.html,https://bra.se/download/18.7fd8fd90191e4ea274f144a6/1727335045170/320Rn07-2018.xls,320Rn07-2018.xls
320,Anmalningsar,2019,La,Hela landet,https://bra.se/statistik_sidor/320/2019/320La-2019.html,https://bra.se/download/18.7fd8fd90191e4ea274f14444/1727335041741/320La-2019.xls,320La-2019.xls
320,Anmalningsar,2019,Rn01,Region Nord,https://bra.se/statistik_sidor/320/2019/320Rn01-2019.html,https://bra.se/download/18.7fd8fd90191e4ea274f1444d/1727335042031/320Rn01-2019.xls,320Rn01-2019.xls
320,Anmalningsar,2019,Rn02,Region Mitt,https://bra.se/statistik_sidor/320/2019/320Rn02-2019.html,https://bra.se/download/18.7fd8fd90191e4ea274f14420/1727335040592/320Rn02-2019.xls,320Rn02-2019.xls
320,Anmalningsar,2019,Rn03,Region Stockholm,https://bra.se/statistik_sidor/320/2019/320Rn03-2019.html,https://bra.se/download/18.7fd8fd90191e4ea274f14432/1727335041156/320Rn03-2019.xls,320Rn03-2019.xls
320,Anmalningsar,2019,Rn04,Region Ost,https://bra.se/statistik_sidor/320/2019/320Rn04-2019.html,https://bra.se/download/18.7fd8fd90191e4ea274f1445f/1727335042627/320Rn04-2019.xls,320Rn04-2019.xls
320,Anmalningsar,2019,Rn05,Region Vast,https://bra.se/statistik_sidor/320/2019/320Rn05-2019.html,https://bra.se/download/18.7fd8fd90191e4ea274f14429/1727335040870/320Rn05-2019.xls,320Rn05-2019.xls
320,Anmalningsar,2019,Rn06,Region Syd,https://bra.se/statistik_sidor/320/2019/320Rn06-2019.html,https://bra.se/download/18.7fd8fd90191e4ea274f1443b/1727335041453/320Rn06-2019.xls,320Rn06-2019.xls
320,Anmalningsar,2019,Rn07,Region Bergslagen,https://bra.se/statistik_sidor/320/2019/320Rn07-2019.html,https://bra.se/download/18.7fd8fd90191e4ea274f14456/1727335042340/320Rn07-2019.xls,320Rn07-2019.xls
320,Anmalningsar,2020,La,Hela landet,https://bra.se/statistik_sidor/320/2020/320La-2020.html,https://bra.se/download/18.4450dd8019ed44e1145468ef/1783420572775/320La-2020.xlsx,320La-2020.xlsx
320,Anmalningsar,2020,Rn01,Region Nord,https://bra.se/statistik_sidor/320/2020/320Rn01-2020.html,https://bra.se/download/18.4450dd8019ed44e1145468f8/1783420573006/320Rn01-2020.xlsx,320Rn01-2020.xlsx
320,Anmalningsar,2020,Rn02,Region Mitt,https://bra.se/statistik_sidor/320/2020/320Rn02-2020.html,https://bra.se/download/18.4450dd8019ed44e114546901/1783420573238/320Rn02-2020.xlsx,320Rn02-2020.xlsx
320,Anmalningsar,2020,Rn03,Region Stockholm,https://bra.se/statistik_sidor/320/2020/320Rn03-2020.html,https://bra.se/download/18.4450dd8019ed44e11454690a/1783420573447/320Rn03-2020.xlsx,320Rn03-2020.xlsx
320,Anmalningsar,2020,Rn04,Region Ost,https://bra.se/statistik_sidor/320/2020/320Rn04-2020.html,https://bra.se/download/18.4450dd8019ed44e114546913/1783420573657/320Rn04-2020.xlsx,320Rn04-2020.xlsx
320,Anmalningsar,2020,Rn05,Region Vast,https://bra.se/statistik_sidor/320/2020/320Rn05-2020.html,https://bra.se/download/18.4450dd8019ed44e11454691c/1783420573891/320Rn05-2020.xlsx,320Rn05-2020.xlsx
320,Anmalningsar,2020,Rn06,Region Syd,https://bra.se/statistik_sidor/320/2020/320Rn06-2020.html,https://bra.se/download/18.4450dd8019ed44e114546925/1783420574116/320Rn06-2020.xlsx,320Rn06-2020.xlsx
320,Anmalningsar,2020,Rn07,Region Bergslagen,https://bra.se/statistik_sidor/320/2020/320Rn07-2020.html,https://bra.se/download/18.4450dd8019ed44e11454692e/1783420574332/320Rn07-2020.xlsx,320Rn07-2020.xlsx
320,Anmalningsar,2021,La,Hela landet,https://bra.se/statistik_sidor/320/2021/320La-2021.html,https://bra.se/download/18.4450dd8019ed44e114546a06/1783420738575/320La-2021.xlsx,320La-2021.xlsx
320,Anmalningsar,2021,Rn01,Region Nord,https://bra.se/statistik_sidor/320/2021/320Rn01-2021.html,https://bra.se/download/18.4450dd8019ed44e114546a0f/1783420738797/320Rn01-2021.xlsx,320Rn01-2021.xlsx
320,Anmalningsar,2021,Rn02,Region Mitt,https://bra.se/statistik_sidor/320/2021/320Rn02-2021.html,https://bra.se/download/18.4450dd8019ed44e114546a18/1783420739032/320Rn02-2021.xlsx,320Rn02-2021.xlsx
320,Anmalningsar,2021,Rn03,Region Stockholm,https://bra.se/statistik_sidor/320/2021/320Rn03-2021.html,https://bra.se/download/18.4450dd8019ed44e114546a21/1783420739246/320Rn03-2021.xlsx,320Rn03-2021.xlsx
320,Anmalningsar,2021,Rn04,Region Ost,https://bra.se/statistik_sidor/320/2021/320Rn04-2021.html,https://bra.se/download/18.4450dd8019ed44e114546a2a/1783420739482/320Rn04-2021.xlsx,320Rn04-2021.xlsx
320,Anmalningsar,2021,Rn05,Region Vast,https://bra.se/statistik_sidor/320/2021/320Rn05-2021.html,https://bra.se/download/18.4450dd8019ed44e114546a33/1783420739707/320Rn05-2021.xlsx,320Rn05-2021.xlsx
320,Anmalningsar,2021,Rn06,Region Syd,https://bra.se/statistik_sidor/320/2021/320Rn06-2021.html,https://bra.se/download/18.4450dd8019ed44e114546a3c/1783420739932/320Rn06-2021.xlsx,320Rn06-2021.xlsx
320,Anmalningsar,2021,Rn07,Region Bergslagen,https://bra.se/statistik_sidor/320/2021/320Rn07-2021.html,https://bra.se/download/18.4450dd8019ed44e114546a45/1783420740170/320Rn07-2021.xlsx,320Rn07-2021.xlsx
320,Anmalningsar,2022,La,Hela landet,https://bra.se/statistik_sidor/320/2022/320La-2022.html,https://bra.se/download/18.4450dd8019ed44e114546b1b/1783420867430/320La-2022.xlsx,320La-2022.xlsx
320,Anmalningsar,2022,Rn01,Region Nord,https://bra.se/statistik_sidor/320/2022/320Rn01-2022.html,https://bra.se/download/18.4450dd8019ed44e114546b24/1783420867647/320Rn01-2022.xlsx,320Rn01-2022.xlsx
320,Anmalningsar,2022,Rn02,Region Mitt,https://bra.se/statistik_sidor/320/2022/320Rn02-2022.html,https://bra.se/download/18.4450dd8019ed44e114546b2d/1783420867885/320Rn02-2022.xlsx,320Rn02-2022.xlsx
320,Anmalningsar,2022,Rn03,Region Stockholm,https://bra.se/statistik_sidor/320/2022/320Rn03-2022.html,https://bra.se/download/18.4450dd8019ed44e114546b36/1783420868128/320Rn03-2022.xlsx,320Rn03-2022.xlsx
320,Anmalningsar,2022,Rn04,Region Ost,https://bra.se/statistik_sidor/320/2022/320Rn04-2022.html,https://bra.se/download/18.4450dd8019ed44e114546b3f/1783420868362/320Rn04-2022.xlsx,320Rn04-2022.xlsx
320,Anmalningsar,2022,Rn05,Region Vast,https://bra.se/statistik_sidor/320/2022/320Rn05-2022.html,https://bra.se/download/18.4450dd8019ed44e114546b48/1783420868608/320Rn05-2022.xlsx,320Rn05-2022.xlsx
320,Anmalningsar,2022,Rn06,Region Syd,https://bra.se/statistik_sidor/320/2022/320Rn06-2022.html,https://bra.se/download/18.4450dd8019ed44e114546b51/1783420868835/320Rn06-2022.xlsx,320Rn06-2022.xlsx
320,Anmalningsar,2022,Rn07,Region Bergslagen,https://bra.se/statistik_sidor/320/2022/320Rn07-2022.html,https://bra.se/download/18.4450dd8019ed44e114546b5a/1783420869090/320Rn07-2022.xlsx,320Rn07-2022.xlsx
320,Anmalningsar,2023,La,Hela landet,https://bra.se/statistik_sidor/320/2023/320La-2023.html,https://bra.se/download/18.4450dd8019ed44e114546c2b/1783421018212/320La-2023.xlsx,320La-2023.xlsx
320,Anmalningsar,2023,Rn01,Region Nord,https://bra.se/statistik_sidor/320/2023/320Rn01-2023.html,https://bra.se/download/18.4450dd8019ed44e114546c34/1783421018415/320Rn01-2023.xlsx,320Rn01-2023.xlsx
320,Anmalningsar,2023,Rn02,Region Mitt,https://bra.se/statistik_sidor/320/2023/320Rn02-2023.html,https://bra.se/download/18.4450dd8019ed44e114546c3d/1783421018632/320Rn02-2023.xlsx,320Rn02-2023.xlsx
320,Anmalningsar,2023,Rn03,Region Stockholm,https://bra.se/statistik_sidor/320/2023/320Rn03-2023.html,https://bra.se/download/18.4450dd8019ed44e114546c46/1783421018846/320Rn03-2023.xlsx,320Rn03-2023.xlsx
320,Anmalningsar,2023,Rn04,Region Ost,https://bra.se/statistik_sidor/320/2023/320Rn04-2023.html,https://bra.se/download/18.4450dd8019ed44e114546c4f/1783421019087/320Rn04-2023.xlsx,320Rn04-2023.xlsx
320,Anmalningsar,2023,Rn05,Region Vast,https://bra.se/statistik_sidor/320/2023/320Rn05-2023.html,https://bra.se/download/18.4450dd8019ed44e114546c58/1783421019297/320Rn05-2023.xlsx,320Rn05-2023.xlsx
320,Anmalningsar,2023,Rn06,Region Syd,https://bra.se/statistik_sidor/320/2023/320Rn06-2023.html,https://bra.se/download/18.4450dd8019ed44e114546c61/1783421019509/320Rn06-2023.xlsx,320Rn06-2023.xlsx
320,Anmalningsar,2023,Rn07,Region Bergslagen,https://bra.se/statistik_sidor/320/2023/320Rn07-2023.html,https://bra.se/download/18.4450dd8019ed44e114546c6a/1783421019721/320Rn07-2023.xlsx,320Rn07-2023.xlsx
320,Anmalningsar,2024,La,Hela landet,https://bra.se/statistik_sidor/320/2024/320La-2024.html,https://bra.se/download/18.4450dd8019ed44e114546d31/1783421135782/320La-2024.xlsx,320La-2024.xlsx
320,Anmalningsar,2024,Rn01,Region Nord,https://bra.se/statistik_sidor/320/2024/320Rn01-2024.html,https://bra.se/download/18.4450dd8019ed44e114546d3a/1783421136002/320Rn01-2024.xlsx,320Rn01-2024.xlsx
320,Anmalningsar,2024,Rn02,Region Mitt,https://bra.se/statistik_sidor/320/2024/320Rn02-2024.html,https://bra.se/download/18.4450dd8019ed44e114546d43/1783421136210/320Rn02-2024.xlsx,320Rn02-2024.xlsx
320,Anmalningsar,2024,Rn03,Region Stockholm,https://bra.se/statistik_sidor/320/2024/320Rn03-2024.html,https://bra.se/download/18.4450dd8019ed44e114546d4c/1783421136435/320Rn03-2024.xlsx,320Rn03-2024.xlsx
320,Anmalningsar,2024,Rn04,Region Ost,https://bra.se/statistik_sidor/320/2024/320Rn04-2024.html,https://bra.se/download/18.4450dd8019ed44e114546d55/1783421136644/320Rn04-2024.xlsx,320Rn04-2024.xlsx
320,Anmalningsar,2024,Rn05,Region Vast,https://bra.se/statistik_sidor/320/2024/320Rn05-2024.html,https://bra.se/download/18.4450dd8019ed44e114546d5e/1783421136909/320Rn05-2024.xlsx,320Rn05-2024.xlsx
320,Anmalningsar,2024,Rn06,Region Syd,https://bra.se/statistik_sidor/320/2024/320Rn06-2024.html,https://bra.se/download/18.4450dd8019ed44e114546d67/1783421137152/320Rn06-2024.xlsx,320Rn06-2024.xlsx
320,Anmalningsar,2024,Rn07,Region Bergslagen,https://bra.se/statistik_sidor/320/2024/320Rn07-2024.html,https://bra.se/download/18.4450dd8019ed44e114546d70/1783421137376/320Rn07-2024.xlsx,320Rn07-2024.xlsx
320,Anmalningsar,2025,La,Hela landet,https://bra.se/statistik_sidor/320/2025/320La-2025.html,https://bra.se/download/18.4450dd8019ed44e114546e42/1783421251343/320La-2025.xlsx,320La-2025.xlsx
320,Anmalningsar,2025,Rn01,Region Nord,https://bra.se/statistik_sidor/320/2025/320Rn01-2025.html,https://bra.se/download/18.4450dd8019ed44e114546e4b/1783421251565/320Rn01-2025.xlsx,320Rn01-2025.xlsx
320,Anmalningsar,2025,Rn02,Region Mitt,https://bra.se/statistik_sidor/320/2025/320Rn02-2025.html,https://bra.se/download/18.4450dd8019ed44e114546e54/1783421251776/320Rn02-2025.xlsx,320Rn02-2025.xlsx
320,Anmalningsar,2025,Rn03,Region Stockholm,https://bra.se/statistik_sidor/320/2025/320Rn03-2025.html,https://bra.se/download/18.4450dd8019ed44e114546e5d/1783421251990/320Rn03-2025.xlsx,320Rn03-2025.xlsx
320,Anmalningsar,2025,Rn04,Region Ost,https://bra.se/statistik_sidor/320/2025/320Rn04-2025.html,https://bra.se/download/18.4450dd8019ed44e114546e66/1783421252231/320Rn04-2025.xlsx,320Rn04-2025.xlsx
320,Anmalningsar,2025,Rn05,Region Vast,https://bra.se/statistik_sidor/320/2025/320Rn05-2025.html,https://bra.se/download/18.4450dd8019ed44e114546e6f/1783421252442/320Rn05-2025.xlsx,320Rn05-2025.xlsx
320,Anmalningsar,2025,Rn06,Region Syd,https://bra.se/statistik_sidor/320/2025/320Rn06-2025.html,https://bra.se/download/18.4450dd8019ed44e114546e78/1783421252667/320Rn06-2025.xlsx,320Rn06-2025.xlsx
320,Anmalningsar,2025,Rn07,Region Bergslagen,https://bra.se/statistik_sidor/320/2025/320Rn07-2025.html,https://bra.se/download/18.4450dd8019ed44e114546e81/1783421252903/320Rn07-2025.xlsx,320Rn07-2025.xlsx
