År,Månad,Kvartal,Periodtyp,Periodetikett,Periodnyckel,Period_start,Period_slut,Preliminär,Kommun,Region_ID,Brott,Brott_ID,Brottsnivå,Förälder_ID,Förälder,Nivå1,Nivå2,Nivå3,Nivå4,Nivå5,Antal,Per100000,Status_Antal,Status_Per100000
2026,8.0,,Månad,"2026 prel., Aug",202608,2026-08-01,2026-08-31,True,Boden,8441,Brott mot brottsbalken,13193,1,,,Brott mot brottsbalken,,,,,181.0,632.0,,
2026,8.0,,Månad,"2026 prel., Aug",202608,2026-08-01,2026-08-31,True,Boden,8441,Brott mot specialstraffrättsliga författningar,13231,1,,,Brott mot specialstraffrättsliga författningar,,,,,44.0,154.0,,
2026,8.0,,Månad,"2026 prel., Aug",202608,2026-08-01,2026-08-31,True,Boden,8441,Totalt antal brott,13192,1,,,Totalt antal brott,,,,,225.0,786.0,,
2026,8.0,,Månad,"2026 prel., Aug",202608,2026-08-01,2026-08-31,True,Boden,8441,"Brott mot brottsbalken, 13-15 kap. Brott mot allmänheten",13217,2,13193.0,Brott mot brottsbalken,Brott mot brottsbalken,"Brott mot brottsbalken, 13-15 kap. Brott mot allmänheten",,,,1.0,3.0,,
2026,8.0,,Månad,"2026 prel., Aug",202608,2026-08-01,2026-08-31,True,Boden,8441,"Brott mot brottsbalken, 16-20 kap. Brott mot staten",13222,2,13193.0,Brott mot brottsbalken,Brott mot brottsbalken,"Brott mot brottsbalken, 16-20 kap. Brott mot staten",,,,9.0,31.0,,
2026,8.0,,Månad,"2026 prel., Aug",202608,2026-08-01,2026-08-31,True,Boden,8441,"Brott mot brottsbalken, 22 kap. Om landsförräderi m.m.",13273,2,13193.0,Brott mot brottsbalken,Brott mot brottsbalken,"Brott mot brottsbalken, 22 kap. Om landsförräderi m.m.",,,,0.0,0.0,,
2026,8.0,,Månad,"2026 prel., Aug",202608,2026-08-01,2026-08-31,True,Boden,8441,"Brott mot brottsbalken, 3-7 kap. Brott mot person",13194,2,13193.0,Brott mot brottsbalken,Brott mot brottsbalken,"Brott mot brottsbalken, 3-7 kap. Brott mot person",,,,63.0,220.0,,
2026,8.0,,Månad,"2026 prel., Aug",202608,2026-08-01,2026-08-31,True,Boden,8441,"Brott mot brottsbalken, 8-12 kap. Brott mot förmögenhet",13206,2,13193.0,Brott mot brottsbalken,Brott mot brottsbalken,"Brott mot brottsbalken, 8-12 kap. Brott mot förmögenhet",,,,108.0,377.0,,
2026,8.0,,Månad,"2026 prel., Aug",202608,2026-08-01,2026-08-31,True,Boden,8441,"Brott mot specialstraffrättsliga författningar, Alkohollagen",13246,2,13231.0,Brott mot specialstraffrättsliga författningar,Brott mot specialstraffrättsliga författningar,"Brott mot specialstraffrättsliga författningar, Alkohollagen",,,,0.0,0.0,,
2026,8.0,,Månad,"2026 prel., Aug",202608,2026-08-01,2026-08-31,True,Boden,8441,"Brott mot specialstraffrättsliga författningar, Brott mot bidragsbrottslagen",13276,2,13231.0,Brott mot specialstraffrättsliga författningar,Brott mot specialstraffrättsliga författningar,"Brott mot specialstraffrättsliga författningar, Brott mot bidragsbrottslagen",,,,2.0,7.0,,
2026,8.0,,Månad,"2026 prel., Aug",202608,2026-08-01,2026-08-31,True,Boden,8441,"Brott mot specialstraffrättsliga författningar, Brott mot miljöbalken",13237,2,13231.0,Brott mot specialstraffrättsliga författningar,Brott mot specialstraffrättsliga författningar,"Brott mot specialstraffrättsliga författningar, Brott mot miljöbalken",,,,2.0,7.0,,
2026,8.0,,Månad,"2026 prel., Aug",202608,2026-08-01,2026-08-31,True,Boden,8441,"Brott mot specialstraffrättsliga författningar, Brott mot narkotikastrafflagen",13236,2,13231.0,Brott mot specialstraffrättsliga författningar,Brott mot specialstraffrättsliga författningar,"Brott mot specialstraffrättsliga författningar, Brott mot narkotikastrafflagen",,,,10.0,35.0,,
2026,8.0,,Månad,"2026 prel., Aug",202608,2026-08-01,2026-08-31,True,Boden,8441,"Brott mot specialstraffrättsliga författningar, Brott mot skattebrottslagen m.m.",13242,2,13231.0,Brott mot specialstraffrättsliga författningar,Brott mot specialstraffrättsliga författningar,"Brott mot specialstraffrättsliga författningar, Brott mot skattebrottslagen m.m.",,,,1.0,3.0,,
2026,8.0,,Månad,"2026 prel., Aug",202608,2026-08-01,2026-08-31,True,Boden,8441,"Brott mot specialstraffrättsliga författningar, Brott mot trafikbrottslagen",13232,2,13231.0,Brott mot specialstraffrättsliga författningar,Brott mot specialstraffrättsliga författningar,"Brott mot specialstraffrättsliga författningar, Brott mot trafikbrottslagen",,,,15.0,52.0,,
2026,8.0,,Månad,"2026 prel., Aug",202608,2026-08-01,2026-08-31,True,Boden,8441,"Brott mot specialstraffrättsliga författningar, Lag om straff för smuggling",13238,2,13231.0,Brott mot specialstraffrättsliga författningar,Brott mot specialstraffrättsliga författningar,"Brott mot specialstraffrättsliga författningar, Lag om straff för smuggling",,,,0.0,0.0,,
2026,8.0,,Månad,"2026 prel., Aug",202608,2026-08-01,2026-08-31,True,Boden,8441,"Brott mot specialstraffrättsliga författningar, Vapenlagen",13247,2,13231.0,Brott mot specialstraffrättsliga författningar,Brott mot specialstraffrättsliga författningar,"Brott mot specialstraffrättsliga författningar, Vapenlagen",,,,4.0,14.0,,
2026,8.0,,Månad,"2026 prel., Aug",202608,2026-08-01,2026-08-31,True,Boden,8441,"Brott mot specialstraffrättsliga författningar, Övriga specialstraffrättsliga författningar",13292,2,13231.0,Brott mot specialstraffrättsliga författningar,Brott mot specialstraffrättsliga författningar,"Brott mot specialstraffrättsliga författningar, Övriga specialstraffrättsliga författningar",,,,10.0,35.0,,
2026,8.0,,Månad,"2026 prel., Aug",202608,2026-08-01,2026-08-31,True,Boden,8441,"Brott mot brottsbalken, 13-15 kap. Brott mot allmänheten, 13 kap. Allmänfarliga brott",13218,3,13217.0,"Brott mot brottsbalken, 13-15 kap. Brott mot allmänheten",Brott mot brottsbalken,"Brott mot brottsbalken, 13-15 kap. Brott mot allmänheten","Brott mot brottsbalken, 13-15 kap. Brott mot allmänheten, 13 kap. Allmänfarliga brott",,,1.0,3.0,,
2026,8.0,,Månad,"2026 prel., Aug",202608,2026-08-01,2026-08-31,True,Boden,8441,"Brott mot brottsbalken, 13-15 kap. Brott mot allmänheten, 14 kap. Förfalskningsbrott",13220,3,13217.0,"Brott mot brottsbalken, 13-15 kap. Brott mot allmänheten",Brott mot brottsbalken,"Brott mot brottsbalken, 13-15 kap. Brott mot allmänheten","Brott mot brottsbalken, 13-15 kap. Brott mot allmänheten, 14 kap. Förfalskningsbrott",,,0.0,0.0,,
2026,8.0,,Månad,"2026 prel., Aug",202608,2026-08-01,2026-08-31,True,Boden,8441,"Brott mot brottsbalken, 13-15 kap. Brott mot allmänheten, 15 kap. Mened, falskt åtal m.m.",13221,3,13217.0,"Brott mot brottsbalken, 13-15 kap. Brott mot allmänheten",Brott mot brottsbalken,"Brott mot brottsbalken, 13-15 kap. Brott mot allmänheten","Brott mot brottsbalken, 13-15 kap. Brott mot allmänheten, 15 kap. Mened, falskt åtal m.m.",,,0.0,0.0,,
2026,8.0,,Månad,"2026 prel., Aug",202608,2026-08-01,2026-08-31,True,Boden,8441,"Brott mot brottsbalken, 16-20 kap. Brott mot staten, 16 kap. Brott mot allmän ordning",13223,3,13222.0,"Brott mot brottsbalken, 16-20 kap. Brott mot staten",Brott mot brottsbalken,"Brott mot brottsbalken, 16-20 kap. Brott mot staten","Brott mot brottsbalken, 16-20 kap. Brott mot staten, 16 kap. Brott mot allmän ordning",,,3.0,10.0,,
2026,8.0,,Månad,"2026 prel., Aug",202608,2026-08-01,2026-08-31,True,Boden,8441,"Brott mot brottsbalken, 16-20 kap. Brott mot staten, 17 kap. Brott mot allmän verksamhet",13224,3,13222.0,"Brott mot brottsbalken, 16-20 kap. Brott mot staten",Brott mot brottsbalken,"Brott mot brottsbalken, 16-20 kap. Brott mot staten","Brott mot brottsbalken, 16-20 kap. Brott mot staten, 17 kap. Brott mot allmän verksamhet",,,5.0,17.0,,
2026,8.0,,Månad,"2026 prel., Aug",202608,2026-08-01,2026-08-31,True,Boden,8441,"Brott mot brottsbalken, 16-20 kap. Brott mot staten, 18-20 kap. Högmålsbrott, brott mot rikets säkerhet, tjänstefel m.m.",13226,3,13222.0,"Brott mot brottsbalken, 16-20 kap. Brott mot staten",Brott mot brottsbalken,"Brott mot brottsbalken, 16-20 kap. Brott mot staten","Brott mot brottsbalken, 16-20 kap. Brott mot staten, 18-20 kap. Högmålsbrott, brott mot rikets säkerhet, tjänstefel m.m.",,,1.0,3.0,,
2026,8.0,,Månad,"2026 prel., Aug",202608,2026-08-01,2026-08-31,True,Boden,8441,"Brott mot brottsbalken, 3-7 kap. Brott mot person, 3 kap. Brott mot liv och hälsa",13195,3,13194.0,"Brott mot brottsbalken, 3-7 kap. Brott mot person",Brott mot brottsbalken,"Brott mot brottsbalken, 3-7 kap. Brott mot person","Brott mot brottsbalken, 3-7 kap. Brott mot person, 3 kap. Brott mot liv och hälsa",,,24.0,84.0,,
2026,8.0,,Månad,"2026 prel., Aug",202608,2026-08-01,2026-08-31,True,Boden,8441,"Brott mot brottsbalken, 3-7 kap. Brott mot person, 4 kap. Brott mot frihet och frid",13199,3,13194.0,"Brott mot brottsbalken, 3-7 kap. Brott mot person",Brott mot brottsbalken,"Brott mot brottsbalken, 3-7 kap. Brott mot person","Brott mot brottsbalken, 3-7 kap. Brott mot person, 4 kap. Brott mot frihet och frid",,,35.0,122.0,,
2026,8.0,,Månad,"2026 prel., Aug",202608,2026-08-01,2026-08-31,True,Boden,8441,"Brott mot brottsbalken, 3-7 kap. Brott mot person, 5 kap. Ärekränkningsbrott",13688,3,13194.0,"Brott mot brottsbalken, 3-7 kap. Brott mot person",Brott mot brottsbalken,"Brott mot brottsbalken, 3-7 kap. Brott mot person","Brott mot brottsbalken, 3-7 kap. Brott mot person, 5 kap. Ärekränkningsbrott",,,2.0,7.0,,
2026,8.0,,Månad,"2026 prel., Aug",202608,2026-08-01,2026-08-31,True,Boden,8441,"Brott mot brottsbalken, 3-7 kap. Brott mot person, 6 kap. Sexualbrott",13678,3,13194.0,"Brott mot brottsbalken, 3-7 kap. Brott mot person",Brott mot brottsbalken,"Brott mot brottsbalken, 3-7 kap. Brott mot person","Brott mot brottsbalken, 3-7 kap. Brott mot person, 6 kap. Sexualbrott",,,2.0,7.0,,
2026,8.0,,Månad,"2026 prel., Aug",202608,2026-08-01,2026-08-31,True,Boden,8441,"Brott mot brottsbalken, 3-7 kap. Brott mot person, 7 kap. Brott mot familj",13689,3,13194.0,"Brott mot brottsbalken, 3-7 kap. Brott mot person",Brott mot brottsbalken,"Brott mot brottsbalken, 3-7 kap. Brott mot person","Brott mot brottsbalken, 3-7 kap. Brott mot person, 7 kap. Brott mot familj",,,0.0,0.0,,
2026,8.0,,Månad,"2026 prel., Aug",202608,2026-08-01,2026-08-31,True,Boden,8441,"Brott mot brottsbalken, 8-12 kap. Brott mot förmögenhet, 10 kap. Förskingring och annan trolöshet",13214,3,13206.0,"Brott mot brottsbalken, 8-12 kap. Brott mot förmögenhet",Brott mot brottsbalken,"Brott mot brottsbalken, 8-12 kap. Brott mot förmögenhet","Brott mot brottsbalken, 8-12 kap. Brott mot förmögenhet, 10 kap. Förskingring och annan trolöshet",,,1.0,3.0,,
2026,8.0,,Månad,"2026 prel., Aug",202608,2026-08-01,2026-08-31,True,Boden,8441,"Brott mot brottsbalken, 8-12 kap. Brott mot förmögenhet, 11 kap. Brott mot borgenärer m.m.",13215,3,13206.0,"Brott mot brottsbalken, 8-12 kap. Brott mot förmögenhet",Brott mot brottsbalken,"Brott mot brottsbalken, 8-12 kap. Brott mot förmögenhet","Brott mot brottsbalken, 8-12 kap. Brott mot förmögenhet, 11 kap. Brott mot borgenärer m.m.",,,0.0,0.0,,
2026,8.0,,Månad,"2026 prel., Aug",202608,2026-08-01,2026-08-31,True,Boden,8441,"Brott mot brottsbalken, 8-12 kap. Brott mot förmögenhet, 12 kap. Skadegörelsebrott",13216,3,13206.0,"Brott mot brottsbalken, 8-12 kap. Brott mot förmögenhet",Brott mot brottsbalken,"Brott mot brottsbalken, 8-12 kap. Brott mot förmögenhet","Brott mot brottsbalken, 8-12 kap. Brott mot förmögenhet, 12 kap. Skadegörelsebrott",,,21.0,73.0,,
2026,8.0,,Månad,"2026 prel., Aug",202608,2026-08-01,2026-08-31,True,Boden,8441,"Brott mot brottsbalken, 8-12 kap. Brott mot förmögenhet, 8 kap. Stöld, rån m.m.",13207,3,13206.0,"Brott mot brottsbalken, 8-12 kap. Brott mot förmögenhet",Brott mot brottsbalken,"Brott mot brottsbalken, 8-12 kap. Brott mot förmögenhet","Brott mot brottsbalken, 8-12 kap. Brott mot förmögenhet, 8 kap. Stöld, rån m.m.",,,49.0,171.0,,
2026,8.0,,Månad,"2026 prel., Aug",202608,2026-08-01,2026-08-31,True,Boden,8441,"Brott mot brottsbalken, 8-12 kap. Brott mot förmögenhet, 9 kap. Bedrägeri och annan oredlighet",13211,3,13206.0,"Brott mot brottsbalken, 8-12 kap. Brott mot förmögenhet",Brott mot brottsbalken,"Brott mot brottsbalken, 8-12 kap. Brott mot förmögenhet","Brott mot brottsbalken, 8-12 kap. Brott mot förmögenhet, 9 kap. Bedrägeri och annan oredlighet",,,37.0,129.0,,
2026,8.0,,Månad,"2026 prel., Aug",202608,2026-08-01,2026-08-31,True,Boden,8441,"Brott mot brottsbalken, 3-7 kap. Brott mot person, 3 kap. Brott mot liv och hälsa, därav misshandel inkl. grov",13197,4,13195.0,"Brott mot brottsbalken, 3-7 kap. Brott mot person, 3 kap. Brott mot liv och hälsa",Brott mot brottsbalken,"Brott mot brottsbalken, 3-7 kap. Brott mot person","Brott mot brottsbalken, 3-7 kap. Brott mot person, 3 kap. Brott mot liv och hälsa","Brott mot brottsbalken, 3-7 kap. Brott mot person, 3 kap. Brott mot liv och hälsa, därav misshandel inkl. grov",,22.0,77.0,,
2026,8.0,,Månad,"2026 prel., Aug",202608,2026-08-01,2026-08-31,True,Boden,8441,"Brott mot brottsbalken, 8-12 kap. Brott mot förmögenhet, 8 kap. Stöld, rån m.m., därav biltillgrepp",13258,4,13207.0,"Brott mot brottsbalken, 8-12 kap. Brott mot förmögenhet, 8 kap. Stöld, rån m.m.",Brott mot brottsbalken,"Brott mot brottsbalken, 8-12 kap. Brott mot förmögenhet","Brott mot brottsbalken, 8-12 kap. Brott mot förmögenhet, 8 kap. Stöld, rån m.m.","Brott mot brottsbalken, 8-12 kap. Brott mot förmögenhet, 8 kap. Stöld, rån m.m., därav biltillgrepp",,3.0,10.0,,
2026,8.0,,Månad,"2026 prel., Aug",202608,2026-08-01,2026-08-31,True,Boden,8441,"Brott mot brottsbalken, 8-12 kap. Brott mot förmögenhet, 8 kap. Stöld, rån m.m., därav cykeltillgrepp",13260,4,13207.0,"Brott mot brottsbalken, 8-12 kap. Brott mot förmögenhet, 8 kap. Stöld, rån m.m.",Brott mot brottsbalken,"Brott mot brottsbalken, 8-12 kap. Brott mot förmögenhet","Brott mot brottsbalken, 8-12 kap. Brott mot förmögenhet, 8 kap. Stöld, rån m.m.","Brott mot brottsbalken, 8-12 kap. Brott mot förmögenhet, 8 kap. Stöld, rån m.m., därav cykeltillgrepp",,7.0,24.0,,
2026,8.0,,Månad,"2026 prel., Aug",202608,2026-08-01,2026-08-31,True,Boden,8441,"Brott mot brottsbalken, 8-12 kap. Brott mot förmögenhet, 8 kap. Stöld, rån m.m., därav fickstöld",13551,4,13207.0,"Brott mot brottsbalken, 8-12 kap. Brott mot förmögenhet, 8 kap. Stöld, rån m.m.",Brott mot brottsbalken,"Brott mot brottsbalken, 8-12 kap. Brott mot förmögenhet","Brott mot brottsbalken, 8-12 kap. Brott mot förmögenhet, 8 kap. Stöld, rån m.m.","Brott mot brottsbalken, 8-12 kap. Brott mot förmögenhet, 8 kap. Stöld, rån m.m., därav fickstöld",,0.0,0.0,,
2026,8.0,,Månad,"2026 prel., Aug",202608,2026-08-01,2026-08-31,True,Boden,8441,"Brott mot brottsbalken, 8-12 kap. Brott mot förmögenhet, 8 kap. Stöld, rån m.m., därav inbrottsstöld i bostad",13264,4,13207.0,"Brott mot brottsbalken, 8-12 kap. Brott mot förmögenhet, 8 kap. Stöld, rån m.m.",Brott mot brottsbalken,"Brott mot brottsbalken, 8-12 kap. Brott mot förmögenhet","Brott mot brottsbalken, 8-12 kap. Brott mot förmögenhet, 8 kap. Stöld, rån m.m.","Brott mot brottsbalken, 8-12 kap. Brott mot förmögenhet, 8 kap. Stöld, rån m.m., därav inbrottsstöld i bostad",,0.0,0.0,,
2026,8.0,,Månad,"2026 prel., Aug",202608,2026-08-01,2026-08-31,True,Boden,8441,"Brott mot brottsbalken, 8-12 kap. Brott mot förmögenhet, 8 kap. Stöld, rån m.m., därav rån, inkl. grovt",13268,4,13207.0,"Brott mot brottsbalken, 8-12 kap. Brott mot förmögenhet, 8 kap. Stöld, rån m.m.",Brott mot brottsbalken,"Brott mot brottsbalken, 8-12 kap. Brott mot förmögenhet","Brott mot brottsbalken, 8-12 kap. Brott mot förmögenhet, 8 kap. Stöld, rån m.m.","Brott mot brottsbalken, 8-12 kap. Brott mot förmögenhet, 8 kap. Stöld, rån m.m., därav rån, inkl. grovt",,0.0,0.0,,
2026,8.0,,Månad,"2026 prel., Aug",202608,2026-08-01,2026-08-31,True,Boden,8441,"Brott mot brottsbalken, 8-12 kap. Brott mot förmögenhet, 8 kap. Stöld, rån m.m., därav stöld och snatteri i butik, varuhus o.d.",13550,4,13207.0,"Brott mot brottsbalken, 8-12 kap. Brott mot förmögenhet, 8 kap. Stöld, rån m.m.",Brott mot brottsbalken,"Brott mot brottsbalken, 8-12 kap. Brott mot förmögenhet","Brott mot brottsbalken, 8-12 kap. Brott mot förmögenhet, 8 kap. Stöld, rån m.m.","Brott mot brottsbalken, 8-12 kap. Brott mot förmögenhet, 8 kap. Stöld, rån m.m., därav stöld och snatteri i butik, varuhus o.d.",,12.0,42.0,,
2026,8.0,,Månad,"2026 prel., Aug",202608,2026-08-01,2026-08-31,True,Boden,8441,"Brott mot brottsbalken, 8-12 kap. Brott mot förmögenhet, 8 kap. Stöld, rån m.m., därav stöld ur och från motordrivet fordon",13262,4,13207.0,"Brott mot brottsbalken, 8-12 kap. Brott mot förmögenhet, 8 kap. Stöld, rån m.m.",Brott mot brottsbalken,"Brott mot brottsbalken, 8-12 kap. Brott mot förmögenhet","Brott mot brottsbalken, 8-12 kap. Brott mot förmögenhet, 8 kap. Stöld, rån m.m.","Brott mot brottsbalken, 8-12 kap. Brott mot förmögenhet, 8 kap. Stöld, rån m.m., därav stöld ur och från motordrivet fordon",,7.0,24.0,,
2026,8.0,,Månad,"2026 prel., Aug",202608,2026-08-01,2026-08-31,True,Luleå,8439,Brott mot brottsbalken,13193,1,,,Brott mot brottsbalken,,,,,557.0,694.0,,
2026,8.0,,Månad,"2026 prel., Aug",202608,2026-08-01,2026-08-31,True,Luleå,8439,Brott mot specialstraffrättsliga författningar,13231,1,,,Brott mot specialstraffrättsliga författningar,,,,,95.0,118.0,,
2026,8.0,,Månad,"2026 prel., Aug",202608,2026-08-01,2026-08-31,True,Luleå,8439,Totalt antal brott,13192,1,,,Totalt antal brott,,,,,652.0,812.0,,
2026,8.0,,Månad,"2026 prel., Aug",202608,2026-08-01,2026-08-31,True,Luleå,8439,"Brott mot brottsbalken, 13-15 kap. Brott mot allmänheten",13217,2,13193.0,Brott mot brottsbalken,Brott mot brottsbalken,"Brott mot brottsbalken, 13-15 kap. Brott mot allmänheten",,,,5.0,6.0,,
2026,8.0,,Månad,"2026 prel., Aug",202608,2026-08-01,2026-08-31,True,Luleå,8439,"Brott mot brottsbalken, 16-20 kap. Brott mot staten",13222,2,13193.0,Brott mot brottsbalken,Brott mot brottsbalken,"Brott mot brottsbalken, 16-20 kap. Brott mot staten",,,,19.0,24.0,,
2026,8.0,,Månad,"2026 prel., Aug",202608,2026-08-01,2026-08-31,True,Luleå,8439,"Brott mot brottsbalken, 22 kap. Om landsförräderi m.m.",13273,2,13193.0,Brott mot brottsbalken,Brott mot brottsbalken,"Brott mot brottsbalken, 22 kap. Om landsförräderi m.m.",,,,0.0,0.0,,
2026,8.0,,Månad,"2026 prel., Aug",202608,2026-08-01,2026-08-31,True,Luleå,8439,"Brott mot brottsbalken, 3-7 kap. Brott mot person",13194,2,13193.0,Brott mot brottsbalken,Brott mot brottsbalken,"Brott mot brottsbalken, 3-7 kap. Brott mot person",,,,182.0,227.0,,
2026,8.0,,Månad,"2026 prel., Aug",202608,2026-08-01,2026-08-31,True,Luleå,8439,"Brott mot brottsbalken, 8-12 kap. Brott mot förmögenhet",13206,2,13193.0,Brott mot brottsbalken,Brott mot brottsbalken,"Brott mot brottsbalken, 8-12 kap. Brott mot förmögenhet",,,,351.0,437.0,,
2026,8.0,,Månad,"2026 prel., Aug",202608,2026-08-01,2026-08-31,True,Luleå,8439,"Brott mot specialstraffrättsliga författningar, Alkohollagen",13246,2,13231.0,Brott mot specialstraffrättsliga författningar,Brott mot specialstraffrättsliga författningar,"Brott mot specialstraffrättsliga författningar, Alkohollagen",,,,0.0,0.0,,
2026,8.0,,Månad,"2026 prel., Aug",202608,2026-08-01,2026-08-31,True,Luleå,8439,"Brott mot specialstraffrättsliga författningar, Brott mot bidragsbrottslagen",13276,2,13231.0,Brott mot specialstraffrättsliga författningar,Brott mot specialstraffrättsliga författningar,"Brott mot specialstraffrättsliga författningar, Brott mot bidragsbrottslagen",,,,3.0,4.0,,
2026,8.0,,Månad,"2026 prel., Aug",202608,2026-08-01,2026-08-31,True,Luleå,8439,"Brott mot specialstraffrättsliga författningar, Brott mot miljöbalken",13237,2,13231.0,Brott mot specialstraffrättsliga författningar,Brott mot specialstraffrättsliga författningar,"Brott mot specialstraffrättsliga författningar, Brott mot miljöbalken",,,,3.0,4.0,,
2026,8.0,,Månad,"2026 prel., Aug",202608,2026-08-01,2026-08-31,True,Luleå,8439,"Brott mot specialstraffrättsliga författningar, Brott mot narkotikastrafflagen",13236,2,13231.0,Brott mot specialstraffrättsliga författningar,Brott mot specialstraffrättsliga författningar,"Brott mot specialstraffrättsliga författningar, Brott mot narkotikastrafflagen",,,,38.0,47.0,,
2026,8.0,,Månad,"2026 prel., Aug",202608,2026-08-01,2026-08-31,True,Luleå,8439,"Brott mot specialstraffrättsliga författningar, Brott mot skattebrottslagen m.m.",13242,2,13231.0,Brott mot specialstraffrättsliga författningar,Brott mot specialstraffrättsliga författningar,"Brott mot specialstraffrättsliga författningar, Brott mot skattebrottslagen m.m.",,,,1.0,1.0,,
2026,8.0,,Månad,"2026 prel., Aug",202608,2026-08-01,2026-08-31,True,Luleå,8439,"Brott mot specialstraffrättsliga författningar, Brott mot trafikbrottslagen",13232,2,13231.0,Brott mot specialstraffrättsliga författningar,Brott mot specialstraffrättsliga författningar,"Brott mot specialstraffrättsliga författningar, Brott mot trafikbrottslagen",,,,29.0,36.0,,
2026,8.0,,Månad,"2026 prel., Aug",202608,2026-08-01,2026-08-31,True,Luleå,8439,"Brott mot specialstraffrättsliga författningar, Lag om straff för smuggling",13238,2,13231.0,Brott mot specialstraffrättsliga författningar,Brott mot specialstraffrättsliga författningar,"Brott mot specialstraffrättsliga författningar, Lag om straff för smuggling",,,,0.0,0.0,,
2026,8.0,,Månad,"2026 prel., Aug",202608,2026-08-01,2026-08-31,True,Luleå,8439,"Brott mot specialstraffrättsliga författningar, Vapenlagen",13247,2,13231.0,Brott mot specialstraffrättsliga författningar,Brott mot specialstraffrättsliga författningar,"Brott mot specialstraffrättsliga författningar, Vapenlagen",,,,2.0,2.0,,
2026,8.0,,Månad,"2026 prel., Aug",202608,2026-08-01,2026-08-31,True,Luleå,8439,"Brott mot specialstraffrättsliga författningar, Övriga specialstraffrättsliga författningar",13292,2,13231.0,Brott mot specialstraffrättsliga författningar,Brott mot specialstraffrättsliga författningar,"Brott mot specialstraffrättsliga författningar, Övriga specialstraffrättsliga författningar",,,,19.0,24.0,,
2026,8.0,,Månad,"2026 prel., Aug",202608,2026-08-01,2026-08-31,True,Luleå,8439,"Brott mot brottsbalken, 13-15 kap. Brott mot allmänheten, 13 kap. Allmänfarliga brott",13218,3,13217.0,"Brott mot brottsbalken, 13-15 kap. Brott mot allmänheten",Brott mot brottsbalken,"Brott mot brottsbalken, 13-15 kap. Brott mot allmänheten","Brott mot brottsbalken, 13-15 kap. Brott mot allmänheten, 13 kap. Allmänfarliga brott",,,1.0,1.0,,
2026,8.0,,Månad,"2026 prel., Aug",202608,2026-08-01,2026-08-31,True,Luleå,8439,"Brott mot brottsbalken, 13-15 kap. Brott mot allmänheten, 14 kap. Förfalskningsbrott",13220,3,13217.0,"Brott mot brottsbalken, 13-15 kap. Brott mot allmänheten",Brott mot brottsbalken,"Brott mot brottsbalken, 13-15 kap. Brott mot allmänheten","Brott mot brottsbalken, 13-15 kap. Brott mot allmänheten, 14 kap. Förfalskningsbrott",,,2.0,2.0,,
2026,8.0,,Månad,"2026 prel., Aug",202608,2026-08-01,2026-08-31,True,Luleå,8439,"Brott mot brottsbalken, 13-15 kap. Brott mot allmänheten, 15 kap. Mened, falskt åtal m.m.",13221,3,13217.0,"Brott mot brottsbalken, 13-15 kap. Brott mot allmänheten",Brott mot brottsbalken,"Brott mot brottsbalken, 13-15 kap. Brott mot allmänheten","Brott mot brottsbalken, 13-15 kap. Brott mot allmänheten, 15 kap. Mened, falskt åtal m.m.",,,2.0,2.0,,
2026,8.0,,Månad,"2026 prel., Aug",202608,2026-08-01,2026-08-31,True,Luleå,8439,"Brott mot brottsbalken, 16-20 kap. Brott mot staten, 16 kap. Brott mot allmän ordning",13223,3,13222.0,"Brott mot brottsbalken, 16-20 kap. Brott mot staten",Brott mot brottsbalken,"Brott mot brottsbalken, 16-20 kap. Brott mot staten","Brott mot brottsbalken, 16-20 kap. Brott mot staten, 16 kap. Brott mot allmän ordning",,,8.0,10.0,,
2026,8.0,,Månad,"2026 prel., Aug",202608,2026-08-01,2026-08-31,True,Luleå,8439,"Brott mot brottsbalken, 16-20 kap. Brott mot staten, 17 kap. Brott mot allmän verksamhet",13224,3,13222.0,"Brott mot brottsbalken, 16-20 kap. Brott mot staten",Brott mot brottsbalken,"Brott mot brottsbalken, 16-20 kap. Brott mot staten","Brott mot brottsbalken, 16-20 kap. Brott mot staten, 17 kap. Brott mot allmän verksamhet",,,10.0,12.0,,
2026,8.0,,Månad,"2026 prel., Aug",202608,2026-08-01,2026-08-31,True,Luleå,8439,"Brott mot brottsbalken, 16-20 kap. Brott mot staten, 18-20 kap. Högmålsbrott, brott mot rikets säkerhet, tjänstefel m.m.",13226,3,13222.0,"Brott mot brottsbalken, 16-20 kap. Brott mot staten",Brott mot brottsbalken,"Brott mot brottsbalken, 16-20 kap. Brott mot staten","Brott mot brottsbalken, 16-20 kap. Brott mot staten, 18-20 kap. Högmålsbrott, brott mot rikets säkerhet, tjänstefel m.m.",,,1.0,1.0,,
2026,8.0,,Månad,"2026 prel., Aug",202608,2026-08-01,2026-08-31,True,Luleå,8439,"Brott mot brottsbalken, 3-7 kap. Brott mot person, 3 kap. Brott mot liv och hälsa",13195,3,13194.0,"Brott mot brottsbalken, 3-7 kap. Brott mot person",Brott mot brottsbalken,"Brott mot brottsbalken, 3-7 kap. Brott mot person","Brott mot brottsbalken, 3-7 kap. Brott mot person, 3 kap. Brott mot liv och hälsa",,,67.0,83.0,,
2026,8.0,,Månad,"2026 prel., Aug",202608,2026-08-01,2026-08-31,True,Luleå,8439,"Brott mot brottsbalken, 3-7 kap. Brott mot person, 4 kap. Brott mot frihet och frid",13199,3,13194.0,"Brott mot brottsbalken, 3-7 kap. Brott mot person",Brott mot brottsbalken,"Brott mot brottsbalken, 3-7 kap. Brott mot person","Brott mot brottsbalken, 3-7 kap. Brott mot person, 4 kap. Brott mot frihet och frid",,,93.0,116.0,,
2026,8.0,,Månad,"2026 prel., Aug",202608,2026-08-01,2026-08-31,True,Luleå,8439,"Brott mot brottsbalken, 3-7 kap. Brott mot person, 5 kap. Ärekränkningsbrott",13688,3,13194.0,"Brott mot brottsbalken, 3-7 kap. Brott mot person",Brott mot brottsbalken,"Brott mot brottsbalken, 3-7 kap. Brott mot person","Brott mot brottsbalken, 3-7 kap. Brott mot person, 5 kap. Ärekränkningsbrott",,,9.0,11.0,,
2026,8.0,,Månad,"2026 prel., Aug",202608,2026-08-01,2026-08-31,True,Luleå,8439,"Brott mot brottsbalken, 3-7 kap. Brott mot person, 6 kap. Sexualbrott",13678,3,13194.0,"Brott mot brottsbalken, 3-7 kap. Brott mot person",Brott mot brottsbalken,"Brott mot brottsbalken, 3-7 kap. Brott mot person","Brott mot brottsbalken, 3-7 kap. Brott mot person, 6 kap. Sexualbrott",,,13.0,16.0,,
2026,8.0,,Månad,"2026 prel., Aug",202608,2026-08-01,2026-08-31,True,Luleå,8439,"Brott mot brottsbalken, 3-7 kap. Brott mot person, 7 kap. Brott mot familj",13689,3,13194.0,"Brott mot brottsbalken, 3-7 kap. Brott mot person",Brott mot brottsbalken,"Brott mot brottsbalken, 3-7 kap. Brott mot person","Brott mot brottsbalken, 3-7 kap. Brott mot person, 7 kap. Brott mot familj",,,0.0,0.0,,
2026,8.0,,Månad,"2026 prel., Aug",202608,2026-08-01,2026-08-31,True,Luleå,8439,"Brott mot brottsbalken, 8-12 kap. Brott mot förmögenhet, 10 kap. Förskingring och annan trolöshet",13214,3,13206.0,"Brott mot brottsbalken, 8-12 kap. Brott mot förmögenhet",Brott mot brottsbalken,"Brott mot brottsbalken, 8-12 kap. Brott mot förmögenhet","Brott mot brottsbalken, 8-12 kap. Brott mot förmögenhet, 10 kap. Förskingring och annan trolöshet",,,5.0,6.0,,
2026,8.0,,Månad,"2026 prel., Aug",202608,2026-08-01,2026-08-31,True,Luleå,8439,"Brott mot brottsbalken, 8-12 kap. Brott mot förmögenhet, 11 kap. Brott mot borgenärer m.m.",13215,3,13206.0,"Brott mot brottsbalken, 8-12 kap. Brott mot förmögenhet",Brott mot brottsbalken,"Brott mot brottsbalken, 8-12 kap. Brott mot förmögenhet","Brott mot brottsbalken, 8-12 kap. Brott mot förmögenhet, 11 kap. Brott mot borgenärer m.m.",,,1.0,1.0,,
2026,8.0,,Månad,"2026 prel., Aug",202608,2026-08-01,2026-08-31,True,Luleå,8439,"Brott mot brottsbalken, 8-12 kap. Brott mot förmögenhet, 12 kap. Skadegörelsebrott",13216,3,13206.0,"Brott mot brottsbalken, 8-12 kap. Brott mot förmögenhet",Brott mot brottsbalken,"Brott mot brottsbalken, 8-12 kap. Brott mot förmögenhet","Brott mot brottsbalken, 8-12 kap. Brott mot förmögenhet, 12 kap. Skadegörelsebrott",,,72.0,90.0,,
2026,8.0,,Månad,"2026 prel., Aug",202608,2026-08-01,2026-08-31,True,Luleå,8439,"Brott mot brottsbalken, 8-12 kap. Brott mot förmögenhet, 8 kap. Stöld, rån m.m.",13207,3,13206.0,"Brott mot brottsbalken, 8-12 kap. Brott mot förmögenhet",Brott mot brottsbalken,"Brott mot brottsbalken, 8-12 kap. Brott mot förmögenhet","Brott mot brottsbalken, 8-12 kap. Brott mot förmögenhet, 8 kap. Stöld, rån m.m.",,,207.0,258.0,,
2026,8.0,,Månad,"2026 prel., Aug",202608,2026-08-01,2026-08-31,True,Luleå,8439,"Brott mot brottsbalken, 8-12 kap. Brott mot förmögenhet, 9 kap. Bedrägeri och annan oredlighet",13211,3,13206.0,"Brott mot brottsbalken, 8-12 kap. Brott mot förmögenhet",Brott mot brottsbalken,"Brott mot brottsbalken, 8-12 kap. Brott mot förmögenhet","Brott mot brottsbalken, 8-12 kap. Brott mot förmögenhet, 9 kap. Bedrägeri och annan oredlighet",,,66.0,82.0,,
2026,8.0,,Månad,"2026 prel., Aug",202608,2026-08-01,2026-08-31,True,Luleå,8439,"Brott mot brottsbalken, 3-7 kap. Brott mot person, 3 kap. Brott mot liv och hälsa, därav misshandel inkl. grov",13197,4,13195.0,"Brott mot brottsbalken, 3-7 kap. Brott mot person, 3 kap. Brott mot liv och hälsa",Brott mot brottsbalken,"Brott mot brottsbalken, 3-7 kap. Brott mot person","Brott mot brottsbalken, 3-7 kap. Brott mot person, 3 kap. Brott mot liv och hälsa","Brott mot brottsbalken, 3-7 kap. Brott mot person, 3 kap. Brott mot liv och hälsa, därav misshandel inkl. grov",,63.0,78.0,,
2026,8.0,,Månad,"2026 prel., Aug",202608,2026-08-01,2026-08-31,True,Luleå,8439,"Brott mot brottsbalken, 8-12 kap. Brott mot förmögenhet, 8 kap. Stöld, rån m.m., därav biltillgrepp",13258,4,13207.0,"Brott mot brottsbalken, 8-12 kap. Brott mot förmögenhet, 8 kap. Stöld, rån m.m.",Brott mot brottsbalken,"Brott mot brottsbalken, 8-12 kap. Brott mot förmögenhet","Brott mot brottsbalken, 8-12 kap. Brott mot förmögenhet, 8 kap. Stöld, rån m.m.","Brott mot brottsbalken, 8-12 kap. Brott mot förmögenhet, 8 kap. Stöld, rån m.m., därav biltillgrepp",,8.0,10.0,,
2026,8.0,,Månad,"2026 prel., Aug",202608,2026-08-01,2026-08-31,True,Luleå,8439,"Brott mot brottsbalken, 8-12 kap. Brott mot förmögenhet, 8 kap. Stöld, rån m.m., därav cykeltillgrepp",13260,4,13207.0,"Brott mot brottsbalken, 8-12 kap. Brott mot förmögenhet, 8 kap. Stöld, rån m.m.",Brott mot brottsbalken,"Brott mot brottsbalken, 8-12 kap. Brott mot förmögenhet","Brott mot brottsbalken, 8-12 kap. Brott mot förmögenhet, 8 kap. Stöld, rån m.m.","Brott mot brottsbalken, 8-12 kap. Brott mot förmögenhet, 8 kap. Stöld, rån m.m., därav cykeltillgrepp",,38.0,47.0,,
2026,8.0,,Månad,"2026 prel., Aug",202608,2026-08-01,2026-08-31,True,Luleå,8439,"Brott mot brottsbalken, 8-12 kap. Brott mot förmögenhet, 8 kap. Stöld, rån m.m., därav fickstöld",13551,4,13207.0,"Brott mot brottsbalken, 8-12 kap. Brott mot förmögenhet, 8 kap. Stöld, rån m.m.",Brott mot brottsbalken,"Brott mot brottsbalken, 8-12 kap. Brott mot förmögenhet","Brott mot brottsbalken, 8-12 kap. Brott mot förmögenhet, 8 kap. Stöld, rån m.m.","Brott mot brottsbalken, 8-12 kap. Brott mot förmögenhet, 8 kap. Stöld, rån m.m., därav fickstöld",,12.0,15.0,,
2026,8.0,,Månad,"2026 prel., Aug",202608,2026-08-01,2026-08-31,True,Luleå,8439,"Brott mot brottsbalken, 8-12 kap. Brott mot förmögenhet, 8 kap. Stöld, rån m.m., därav inbrottsstöld i bostad",13264,4,13207.0,"Brott mot brottsbalken, 8-12 kap. Brott mot förmögenhet, 8 kap. Stöld, rån m.m.",Brott mot brottsbalken,"Brott mot brottsbalken, 8-12 kap. Brott mot förmögenhet","Brott mot brottsbalken, 8-12 kap. Brott mot förmögenhet, 8 kap. Stöld, rån m.m.","Brott mot brottsbalken, 8-12 kap. Brott mot förmögenhet, 8 kap. Stöld, rån m.m., därav inbrottsstöld i bostad",,3.0,4.0,,
2026,8.0,,Månad,"2026 prel., Aug",202608,2026-08-01,2026-08-31,True,Luleå,8439,"Brott mot brottsbalken, 8-12 kap. Brott mot förmögenhet, 8 kap. Stöld, rån m.m., därav rån, inkl. grovt",13268,4,13207.0,"Brott mot brottsbalken, 8-12 kap. Brott mot förmögenhet, 8 kap. Stöld, rån m.m.",Brott mot brottsbalken,"Brott mot brottsbalken, 8-12 kap. Brott mot förmögenhet","Brott mot brottsbalken, 8-12 kap. Brott mot förmögenhet, 8 kap. Stöld, rån m.m.","Brott mot brottsbalken, 8-12 kap. Brott mot förmögenhet, 8 kap. Stöld, rån m.m., därav rån, inkl. grovt",,1.0,1.0,,
2026,8.0,,Månad,"2026 prel., Aug",202608,2026-08-01,2026-08-31,True,Luleå,8439,"Brott mot brottsbalken, 8-12 kap. Brott mot förmögenhet, 8 kap. Stöld, rån m.m., därav stöld och snatteri i butik, varuhus o.d.",13550,4,13207.0,"Brott mot brottsbalken, 8-12 kap. Brott mot förmögenhet, 8 kap. Stöld, rån m.m.",Brott mot brottsbalken,"Brott mot brottsbalken, 8-12 kap. Brott mot förmögenhet","Brott mot brottsbalken, 8-12 kap. Brott mot förmögenhet, 8 kap. Stöld, rån m.m.","Brott mot brottsbalken, 8-12 kap. Brott mot förmögenhet, 8 kap. Stöld, rån m.m., därav stöld och snatteri i butik, varuhus o.d.",,46.0,57.0,,
2026,8.0,,Månad,"2026 prel., Aug",202608,2026-08-01,2026-08-31,True,Luleå,8439,"Brott mot brottsbalken, 8-12 kap. Brott mot förmögenhet, 8 kap. Stöld, rån m.m., därav stöld ur och från motordrivet fordon",13262,4,13207.0,"Brott mot brottsbalken, 8-12 kap. Brott mot förmögenhet, 8 kap. Stöld, rån m.m.",Brott mot brottsbalken,"Brott mot brottsbalken, 8-12 kap. Brott mot förmögenhet","Brott mot brottsbalken, 8-12 kap. Brott mot förmögenhet, 8 kap. Stöld, rån m.m.","Brott mot brottsbalken, 8-12 kap. Brott mot förmögenhet, 8 kap. Stöld, rån m.m., därav stöld ur och från motordrivet fordon",,13.0,16.0,,
