År,Kommuner_med_data,Kommuner_utan_data,Saknade_kommuner,Rader,Brottskategorier
1996,288,2,Knivsta | Nykvarn,62318,336
1997,288,2,Knivsta | Nykvarn,62986,342
1998,288,2,Knivsta | Nykvarn,64961,354
1999,288,2,Knivsta | Nykvarn,66675,365
2000,288,2,Knivsta | Nykvarn,69560,381
2001,289,1,Knivsta,71308,383
2002,289,1,Knivsta,71901,383
2003,290,0,,72956,386
2004,290,0,,73222,392
2005,290,0,,74441,391
2006,290,0,,75036,402
2007,290,0,,88958,561
2008,290,0,,94240,581
2009,290,0,,97897,600
2010,290,0,,98478,610
2011,290,0,,99387,619
2012,290,0,,99328,637
2013,290,0,,101304,648
2014,290,0,,102360,671
2015,290,0,,106071,694
2016,290,0,,112510,703
2017,290,0,,210411,757
2018,290,0,,233153,887
2019,290,0,,315557,1101
