Region_ID,Kommun,Region_BRÅ
8617,Ale,Ale kommun
8618,Alingsås,Alingsås kommun
8421,Alvesta,Alvesta kommun
8394,Aneby,Aneby kommun
8605,Arboga,Arboga kommun
8431,Arjeplog,Arjeplog kommun
8430,Arvidsjaur,Arvidsjaur kommun
8564,Arvika,Arvika kommun
8698,Askersund,Askersund kommun
8349,Avesta,Avesta kommun
8619,Bengtsfors,Bengtsfors kommun
8385,Berg,Berg kommun
8581,Bjurholm,Bjurholm kommun
8445,Bjuv,Bjuv kommun
8441,Boden,Boden kommun
8620,Bollebygd,Bollebygd kommun
8367,Bollnäs,Bollnäs kommun
8408,Borgholm,Borgholm kommun
8350,Borlänge,Borlänge kommun
8621,Borås,Borås kommun
8495,Botkyrka,Botkyrka kommun
8711,Boxholm,Boxholm kommun
8446,Bromölla,Bromölla kommun
8386,Bräcke,Bräcke kommun
8447,Burlöv,Burlöv kommun
8448,Båstad,Båstad kommun
8622,Dals-Ed,Dals-Ed kommun
8496,Danderyd,Danderyd kommun
8699,Degerfors,Degerfors kommun
8582,Dorotea,Dorotea kommun
8565,Eda,Eda kommun
8497,Ekerö,Ekerö kommun
8395,Eksjö,Eksjö kommun
8409,Emmaboda,Emmaboda kommun
8555,Enköping,Enköping kommun
8545,Eskilstuna,Eskilstuna kommun
8449,Eslöv,Eslöv kommun
8623,Essunga,Essunga kommun
8606,Fagersta,Fagersta kommun
8378,Falkenberg,Falkenberg kommun
8624,Falköping,Falköping kommun
8351,Falun,Falun kommun
8566,Filipstad,Filipstad kommun
8712,Finspång,Finspång kommun
8546,Flen,Flen kommun
8567,Forshaga,Forshaga kommun
8625,Färgelanda,Färgelanda kommun
8352,Gagnef,Gagnef kommun
8396,Gislaved,Gislaved kommun
8547,Gnesta,Gnesta kommun
8397,Gnosjö,Gnosjö kommun
8365,Gotland,Gotland kommun
8568,Grums,Grums kommun
8626,Grästorp,Grästorp kommun
8627,Gullspång,Gullspång kommun
8437,Gällivare,Gällivare kommun
8368,Gävle,Gävle kommun
8628,Göteborg,Göteborg kommun
8660,Götene,Götene kommun
8398,Habo,Habo kommun
8569,Hagfors,Hagfors kommun
8700,Hallsberg,Hallsberg kommun
8607,Hallstahammar,Hallstahammar kommun
8379,Halmstad,Halmstad kommun
8570,Hammarö,Hammarö kommun
8498,Haninge,Haninge kommun
8442,Haparanda,Haparanda kommun
8556,Heby,Heby kommun (Uppsala län from 2007)
8608,Heby,Heby kommun (Västmanlands län tom 2006)
8353,Hedemora,Hedemora kommun
8450,Helsingborg,Helsingborg kommun
8661,Herrljunga,Herrljunga kommun
8662,Hjo,Hjo kommun
8369,Hofors,Hofors kommun
8499,Huddinge,Huddinge kommun
8370,Hudiksvall,Hudiksvall kommun
8410,Hultsfred,Hultsfred kommun
8380,Hylte,Hylte kommun
8701,Hällefors,Hällefors kommun
8387,Härjedalen,Härjedalen kommun
8597,Härnösand,Härnösand kommun
8663,Härryda,Härryda kommun
8451,Hässleholm,Hässleholm kommun
8557,Håbo,Håbo kommun
8452,Höganäs,Höganäs kommun
8411,Högsby,Högsby kommun
8453,Hörby,Hörby kommun
8454,Höör,Höör kommun
8432,Jokkmokk,Jokkmokk kommun
8500,Järfälla,Järfälla kommun
8399,Jönköping,Jönköping kommun
8434,Kalix,Kalix kommun
8412,Kalmar,Kalmar kommun
8664,Karlsborg,Karlsborg kommun
8343,Karlshamn,Karlshamn kommun
8702,Karlskoga,Karlskoga kommun
8344,Karlskrona,Karlskrona kommun
8571,Karlstad,Karlstad kommun
8548,Katrineholm,Katrineholm kommun
8572,Kil,Kil kommun
8713,Kinda,Kinda kommun
8443,Kiruna,Kiruna kommun
8455,Klippan,Klippan kommun
8558,Knivsta,Knivsta kommun
8598,Kramfors,Kramfors kommun
8456,Kristianstad,Kristianstad kommun
8573,Kristinehamn,Kristinehamn kommun
8388,Krokom,Krokom kommun
8703,Kumla,Kumla kommun
8381,Kungsbacka,Kungsbacka kommun
8609,Kungsör,Kungsör kommun
8665,Kungälv,Kungälv kommun
8457,Kävlinge,Kävlinge kommun
8610,Köping,Köping kommun
8382,Laholm,Laholm kommun
8458,Landskrona,Landskrona kommun
8704,Laxå,Laxå kommun
8705,Lekeberg,Lekeberg kommun
8354,Leksand,Leksand kommun
8666,Lerum,Lerum kommun
8422,Lessebo,Lessebo kommun
8501,Lidingö,Lidingö kommun
8667,Lidköping,Lidköping kommun
8668,Lilla Edet,Lilla Edet kommun
8706,Lindesberg,Lindesberg kommun
8714,Linköping,Linköping kommun
8423,Ljungby,Ljungby kommun
8371,Ljusdal,Ljusdal kommun
8707,Ljusnarsberg,Ljusnarsberg kommun
8459,Lomma,Lomma kommun
8355,Ludvika,Ludvika kommun
8439,Luleå,Luleå kommun
8460,Lund,Lund kommun
8583,Lycksele,Lycksele kommun
8669,Lysekil,Lysekil kommun
8461,Malmö,Malmö kommun
8356,Malung-Sälen,Malung-Sälen kommun
8584,Malå,Malå kommun
8670,Mariestad,Mariestad kommun
8671,Mark,Mark kommun
8424,Markaryd,Markaryd kommun
8672,Mellerud,Mellerud kommun
8715,Mjölby,Mjölby kommun
8357,Mora,Mora kommun
8716,Motala,Motala kommun
8400,Mullsjö,Mullsjö kommun
8673,Munkedal,Munkedal kommun
8574,Munkfors,Munkfors kommun
8674,Mölndal,Mölndal kommun
8413,Mönsterås,Mönsterås kommun
8414,Mörbylånga,Mörbylånga kommun
8502,Nacka,Nacka kommun
8708,Nora,Nora kommun
8611,Norberg,Norberg kommun
8372,Nordanstig,Nordanstig kommun
8585,Nordmaling,Nordmaling kommun
8717,Norrköping,Norrköping kommun
8503,Norrtälje,Norrtälje kommun
8586,Norsjö,Norsjö kommun
8415,Nybro,Nybro kommun
8504,Nykvarn,Nykvarn kommun
8549,Nyköping,Nyköping kommun
8505,Nynäshamn,Nynäshamn kommun
8401,Nässjö,Nässjö kommun
8373,Ockelbo,Ockelbo kommun
8345,Olofström,Olofström kommun
8358,Orsa,Orsa kommun
8675,Orust,Orust kommun
8478,Osby,Osby kommun
8416,Oskarshamn,Oskarshamn kommun
8374,Ovanåker,Ovanåker kommun
8550,Oxelösund,Oxelösund kommun
8436,Pajala,Pajala kommun
8676,Partille,Partille kommun
8479,Perstorp,Perstorp kommun
8440,Piteå,Piteå kommun
8389,Ragunda,Ragunda kommun
8587,Robertsfors,Robertsfors kommun
8346,Ronneby,Ronneby kommun
8359,Rättvik,Rättvik kommun
8612,Sala,Sala kommun
8506,Salem,Salem kommun
8375,Sandviken,Sandviken kommun
8507,Sigtuna,Sigtuna kommun
8480,Simrishamn,Simrishamn kommun
8481,Sjöbo,Sjöbo kommun
8677,Skara,Skara kommun
8588,Skellefteå,Skellefteå kommun
8613,Skinnskatteberg,Skinnskatteberg kommun
8482,Skurup,Skurup kommun
8678,Skövde,Skövde kommun
8360,Smedjebacken,Smedjebacken kommun
8599,Sollefteå,Sollefteå kommun
8508,Sollentuna,Sollentuna kommun
8509,Solna,Solna kommun
8589,Sorsele,Sorsele kommun
8679,Sotenäs,Sotenäs kommun
8483,Staffanstorp,Staffanstorp kommun
8680,Stenungsund,Stenungsund kommun
8510,Stockholm,Stockholm kommun
8575,Storfors,Storfors kommun
8590,Storuman,Storuman kommun
8551,Strängnäs,Strängnäs kommun
8681,Strömstad,Strömstad kommun
8390,Strömsund,Strömsund kommun
8534,Sundbyberg,Sundbyberg kommun
8600,Sundsvall,Sundsvall kommun
8576,Sunne,Sunne kommun
8614,Surahammar,Surahammar kommun
8484,Svalöv,Svalöv kommun
8485,Svedala,Svedala kommun
8682,Svenljunga,Svenljunga kommun
8577,Säffle,Säffle kommun
8361,Säter,Säter kommun
8402,Sävsjö,Sävsjö kommun
8376,Söderhamn,Söderhamn kommun
8718,Söderköping,Söderköping kommun
8535,Södertälje,Södertälje kommun
8347,Sölvesborg,Sölvesborg kommun
8683,Tanum,Tanum kommun
8684,Tibro,Tibro kommun
8685,Tidaholm,Tidaholm kommun
8559,Tierp,Tierp kommun
8601,Timrå,Timrå kommun
8425,Tingsryd,Tingsryd kommun
8686,Tjörn,Tjörn kommun
8486,Tomelilla,Tomelilla kommun
8578,Torsby,Torsby kommun
8417,Torsås,Torsås kommun
8687,Tranemo,Tranemo kommun
8403,Tranås,Tranås kommun
8487,Trelleborg,Trelleborg kommun
8688,Trollhättan,Trollhättan kommun
8552,Trosa,Trosa kommun
8536,Tyresö,Tyresö kommun
8537,Täby,Täby kommun
8689,Töreboda,Töreboda kommun
8690,Uddevalla,Uddevalla kommun
8691,Ulricehamn,Ulricehamn kommun
8591,Umeå,Umeå kommun
8539,Upplands Väsby,Upplands Väsby kommun
8538,Upplands-Bro,Upplands-Bro kommun
8560,Uppsala,Uppsala kommun
8426,Uppvidinge,Uppvidinge kommun
8719,Vadstena,Vadstena kommun
8404,Vaggeryd,Vaggeryd kommun
8720,Valdemarsvik,Valdemarsvik kommun
8540,Vallentuna,Vallentuna kommun
8362,Vansbro,Vansbro kommun
8692,Vara,Vara kommun
8383,Varberg,Varberg kommun
8541,Vaxholm,Vaxholm kommun
8488,Vellinge,Vellinge kommun
8405,Vetlanda,Vetlanda kommun
8592,Vilhelmina,Vilhelmina kommun
8418,Vimmerby,Vimmerby kommun
8593,Vindeln,Vindeln kommun
8553,Vingåker,Vingåker kommun
8693,Vänersborg,Vänersborg kommun
8594,Vännäs,Vännäs kommun
8542,Värmdö,Värmdö kommun
8406,Värnamo,Värnamo kommun
8419,Västervik,Västervik kommun
8615,Västerås,Västerås kommun
8427,Växjö,Växjö kommun
8694,Vårgårda,Vårgårda kommun
8721,Ydre,Ydre kommun
8489,Ystad,Ystad kommun
8428,Älmhult,Älmhult kommun
8363,Älvdalen,Älvdalen kommun
8561,Älvkarleby,Älvkarleby kommun
8438,Älvsbyn,Älvsbyn kommun
8491,Ängelholm,Ängelholm kommun
8695,Åmål,Åmål kommun
8602,Ånge,Ånge kommun
8391,Åre,Åre kommun
8579,Årjäng,Årjäng kommun
8595,Åsele,Åsele kommun
8490,Åstorp,Åstorp kommun
8722,Åtvidaberg,Åtvidaberg kommun
8696,Öckerö,Öckerö kommun
8723,Ödeshög,Ödeshög kommun
8709,Örebro,Örebro kommun
8492,Örkelljunga,Örkelljunga kommun
8603,Örnsköldsvik,Örnsköldsvik kommun
8392,Östersund,Östersund kommun
8543,Österåker,Österåker kommun
8562,Östhammar,Östhammar kommun
8493,Östra Göinge,Östra Göinge kommun
8433,Överkalix,Överkalix kommun
8435,Övertorneå,Övertorneå kommun
